Customer ID,Category,Purchase Amount (USD),Size,Color,Season,Date
1,Clothing,53,L,Gray,Winter,24-11-2023
2,Clothing,64,L,Maroon,Winter,27-02-2023
3,Clothing,73,S,Maroon,Spring,13-01-2023
4,Footwear,90,M,Maroon,Spring,21-05-2023
5,Clothing,49,M,Turquoise,Spring,06-05-2023
6,Footwear,20,M,White,Summer,25-04-2023
7,Clothing,85,M,Gray,Fall,13-03-2023
8,Clothing,34,L,Charcoal,Winter,22-02-2023
9,Outerwear,97,L,Silver,Summer,13-12-2023
10,Accessories,31,M,Pink,Spring,07-10-2023
11,Footwear,34,L,Purple,Fall,14-02-2023
12,Clothing,68,S,Olive,Winter,30-10-2023
13,Outerwear,72,M,Gold,Winter,05-08-2023
14,Clothing,51,M,Violet,Spring,17-01-2023
15,Outerwear,53,L,Teal,Winter,16-01-2023
16,Clothing,81,M,Teal,Winter,17-02-2023
17,Accessories,36,S,Gray,Spring,22-04-2023
18,Clothing,38,XL,Lavender,Winter,30-04-2023
19,Clothing,48,S,Black,Summer,16-09-2023
20,Clothing,90,M,Green,Summer,05-11-2023
21,Clothing,51,M,Black,Winter,14-01-2023
22,Clothing,62,M,Charcoal,Winter,15-10-2023
23,Clothing,37,M,Peach,Summer,12-04-2023
24,Clothing,88,XL,White,Winter,29-11-2023
25,Outerwear,22,M,Green,Fall,26-12-2023
26,Clothing,25,M,Silver,Summer,07-10-2023
27,Accessories,20,M,Red,Spring,03-08-2023
28,Clothing,56,L,Cyan,Summer,23-04-2023
29,Accessories,94,M,Gray,Fall,18-08-2023
30,Clothing,48,S,Black,Fall,29-10-2023
31,Accessories,31,L,Black,Winter,23-05-2023
32,Clothing,79,L,Brown,Winter,04-01-2023
33,Outerwear,67,M,Silver,Summer,23-03-2023
34,Clothing,38,L,Green,Summer,24-12-2023
35,Clothing,91,L,Violet,Spring,05-08-2023
36,Clothing,33,M,Cyan,Summer,24-06-2023
37,Clothing,69,M,Maroon,Winter,23-05-2023
38,Clothing,45,S,Cyan,Summer,21-03-2023
39,Clothing,37,M,Red,Winter,21-04-2023
40,Clothing,60,S,Turquoise,Summer,22-06-2023
41,Accessories,76,L,Beige,Winter,22-02-2023
42,Accessories,39,M,Orange,Spring,17-02-2023
43,Outerwear,100,M,Beige,Spring,14-07-2023
44,Accessories,69,L,Lavender,Fall,19-02-2023
45,Accessories,53,S,Silver,Summer,03-07-2023
46,Clothing,21,XL,Indigo,Fall,26-06-2023
47,Clothing,43,L,White,Summer,06-11-2023
48,Accessories,54,M,Charcoal,Winter,16-05-2023
49,Clothing,55,M,Orange,Summer,23-01-2023
50,Clothing,30,S,Indigo,Spring,24-08-2023
51,Clothing,28,M,Red,Spring,02-10-2023
52,Clothing,59,XL,Gray,Winter,05-03-2023
53,Clothing,20,M,Green,Summer,13-07-2023
54,Clothing,24,S,Peach,Winter,10-02-2023
55,Outerwear,94,M,Brown,Summer,10-10-2023
56,Outerwear,28,M,Lavender,Winter,31-05-2023
57,Accessories,73,XL,Brown,Summer,18-11-2023
58,Outerwear,64,M,White,Summer,13-11-2023
59,Clothing,54,M,Charcoal,Summer,05-07-2023
60,Accessories,79,L,Yellow,Spring,23-10-2023
61,Clothing,37,L,Brown,Summer,09-04-2023
62,Accessories,68,M,Orange,Winter,27-12-2023
63,Footwear,21,S,Magenta,Spring,05-02-2023
64,Accessories,79,L,Lavender,Winter,24-01-2023
65,Footwear,83,S,Green,Fall,05-12-2023
66,Accessories,36,M,Purple,Spring,27-04-2023
67,Clothing,94,S,Magenta,Winter,29-05-2023
68,Outerwear,33,L,Gray,Winter,10-02-2023
69,Accessories,46,L,Silver,Summer,30-04-2023
70,Accessories,70,S,Cyan,Summer,21-02-2023
71,Accessories,29,M,Magenta,Fall,14-07-2023
72,Clothing,48,L,Gold,Summer,23-05-2023
73,Clothing,26,M,Olive,Winter,21-08-2023
74,Clothing,85,M,Teal,Spring,22-11-2023
75,Accessories,58,L,Violet,Spring,06-07-2023
76,Accessories,85,M,Blue,Summer,25-03-2023
77,Accessories,43,S,Teal,Summer,09-07-2023
78,Clothing,53,L,Gold,Summer,01-07-2023
79,Clothing,91,M,Maroon,Spring,18-04-2023
80,Outerwear,96,M,Olive,Winter,10-12-2023
81,Footwear,72,XL,Blue,Summer,17-05-2023
82,Footwear,96,L,Maroon,Summer,26-12-2023
83,Clothing,28,S,Olive,Spring,16-12-2023
84,Clothing,40,M,Turquoise,Summer,28-11-2023
85,Outerwear,32,S,Peach,Spring,06-02-2023
86,Accessories,95,M,Charcoal,Winter,08-11-2023
87,Clothing,41,L,Pink,Spring,22-11-2023
88,Footwear,53,M,Green,Fall,29-03-2023
89,Clothing,47,M,Orange,Fall,01-10-2023
90,Outerwear,83,XL,Pink,Fall,06-05-2023
91,Accessories,48,L,Violet,Summer,25-03-2023
92,Accessories,99,S,Green,Winter,25-08-2023
93,Outerwear,87,M,Olive,Winter,14-07-2023
94,Clothing,62,M,Purple,Fall,19-05-2023
95,Clothing,76,S,Silver,Spring,24-11-2023
96,Footwear,100,L,Pink,Fall,19-12-2023
97,Accessories,73,S,Gold,Spring,13-10-2023
98,Footwear,92,M,Teal,Winter,23-04-2023
99,Clothing,67,XL,Teal,Spring,17-12-2023
100,Clothing,40,XL,Indigo,Summer,16-06-2023
101,Accessories,98,M,Maroon,Fall,29-01-2023
102,Outerwear,85,XL,White,Spring,28-04-2023
103,Clothing,67,L,Violet,Winter,17-01-2023
104,Footwear,89,L,Red,Winter,11-06-2023
105,Accessories,24,L,Pink,Spring,25-07-2023
106,Accessories,96,M,Charcoal,Fall,18-05-2023
107,Outerwear,35,L,White,Summer,03-02-2023
108,Footwear,67,L,Olive,Winter,19-04-2023
109,Clothing,79,L,Purple,Spring,18-10-2023
110,Clothing,85,M,Violet,Spring,11-06-2023
111,Accessories,26,M,Black,Summer,19-04-2023
112,Accessories,75,L,Purple,Summer,02-12-2023
113,Accessories,65,M,Red,Spring,13-09-2023
114,Accessories,54,L,Maroon,Winter,22-07-2023
115,Outerwear,95,S,Blue,Summer,26-11-2023
116,Clothing,94,M,Gray,Spring,23-08-2023
117,Footwear,86,S,Blue,Spring,15-03-2023
118,Footwear,32,L,Yellow,Summer,16-05-2023
119,Clothing,45,L,Orange,Fall,13-03-2023
120,Outerwear,76,M,Orange,Fall,07-05-2023
121,Accessories,84,L,Red,Summer,15-10-2023
122,Clothing,72,M,Olive,Winter,03-10-2023
123,Accessories,40,L,Brown,Spring,15-05-2023
124,Clothing,89,L,Brown,Fall,27-10-2023
125,Clothing,86,M,Gray,Spring,08-08-2023
126,Clothing,54,M,Indigo,Winter,26-10-2023
127,Clothing,36,L,Pink,Spring,24-07-2023
128,Clothing,89,M,Gray,Winter,05-07-2023
129,Accessories,32,M,Gold,Spring,23-04-2023
130,Clothing,67,XL,Olive,Summer,12-03-2023
131,Accessories,39,L,Violet,Fall,18-09-2023
132,Clothing,29,L,Indigo,Summer,10-09-2023
133,Accessories,58,M,Orange,Fall,16-02-2023
134,Clothing,65,M,Violet,Winter,25-01-2023
135,Accessories,94,L,Gray,Fall,26-02-2023
136,Footwear,81,M,Purple,Fall,20-03-2023
137,Clothing,86,M,White,Winter,18-11-2023
138,Footwear,43,M,Turquoise,Spring,23-03-2023
139,Clothing,29,M,Maroon,Winter,15-12-2023
140,Outerwear,95,M,White,Fall,05-08-2023
141,Clothing,28,L,Yellow,Fall,02-11-2023
142,Accessories,46,M,Turquoise,Fall,02-02-2023
143,Outerwear,58,L,Violet,Fall,17-07-2023
144,Outerwear,48,M,Beige,Fall,15-07-2023
145,Footwear,43,M,Silver,Fall,02-11-2023
146,Accessories,95,M,Teal,Fall,28-08-2023
147,Clothing,30,S,Black,Fall,28-09-2023
148,Footwear,64,M,Purple,Summer,09-05-2023
149,Accessories,90,M,Gray,Fall,11-10-2023
150,Clothing,76,M,White,Summer,06-01-2023
151,Footwear,96,L,Cyan,Fall,15-12-2023
152,Accessories,47,L,Turquoise,Fall,28-02-2023
153,Clothing,85,S,Brown,Summer,16-12-2023
154,Clothing,55,M,Maroon,Winter,02-10-2023
155,Clothing,98,M,Charcoal,Fall,17-05-2023
156,Clothing,77,S,Olive,Spring,25-11-2023
157,Clothing,26,M,Lavender,Fall,24-06-2023
158,Accessories,68,S,Yellow,Fall,27-02-2023
159,Clothing,73,XL,Teal,Fall,31-05-2023
160,Accessories,27,M,Charcoal,Fall,11-08-2023
161,Accessories,23,M,Orange,Summer,22-03-2023
162,Accessories,49,M,Olive,Fall,21-08-2023
163,Accessories,74,M,Turquoise,Summer,02-01-2023
164,Clothing,67,M,Purple,Summer,15-05-2023
165,Accessories,65,S,Purple,Spring,14-09-2023
166,Accessories,60,S,Yellow,Winter,02-04-2023
167,Footwear,31,XL,Indigo,Fall,17-09-2023
168,Accessories,27,M,Green,Fall,24-02-2023
169,Footwear,80,M,Magenta,Summer,17-11-2023
170,Outerwear,30,S,Gold,Summer,02-06-2023
171,Clothing,25,M,Maroon,Fall,24-11-2023
172,Clothing,35,M,Blue,Summer,17-09-2023
173,Accessories,67,M,Violet,Summer,08-11-2023
174,Accessories,46,M,Turquoise,Fall,12-04-2023
175,Footwear,35,L,Brown,Winter,20-03-2023
176,Outerwear,86,L,Violet,Fall,11-07-2023
177,Accessories,81,L,Black,Spring,24-03-2023
178,Clothing,42,L,Magenta,Fall,04-10-2023
179,Clothing,43,L,Lavender,Fall,29-09-2023
180,Footwear,31,M,Violet,Fall,01-01-2023
181,Footwear,81,L,Green,Fall,03-11-2023
182,Clothing,61,M,Beige,Summer,15-06-2023
183,Accessories,96,XL,Purple,Summer,08-09-2023
184,Clothing,29,XL,Beige,Spring,10-01-2023
185,Footwear,33,L,Cyan,Spring,27-02-2023
186,Clothing,32,XL,Silver,Summer,05-07-2023
187,Accessories,56,S,Lavender,Summer,07-06-2023
188,Footwear,94,S,Purple,Spring,03-05-2023
189,Clothing,53,M,Pink,Spring,30-01-2023
190,Clothing,82,M,Maroon,Fall,04-05-2023
191,Outerwear,70,XL,Beige,Fall,18-10-2023
192,Accessories,76,M,Gray,Fall,10-02-2023
193,Footwear,29,L,Turquoise,Summer,13-02-2023
194,Accessories,100,S,Silver,Fall,06-09-2023
195,Accessories,94,M,Olive,Spring,05-02-2023
196,Outerwear,25,M,Magenta,Fall,30-09-2023
197,Footwear,88,M,Lavender,Summer,06-03-2023
198,Accessories,78,M,Black,Fall,07-03-2023
199,Accessories,45,M,Turquoise,Winter,04-12-2023
200,Accessories,73,XL,Green,Summer,01-09-2023
201,Clothing,61,S,Teal,Summer,09-10-2023
202,Clothing,22,S,Beige,Fall,26-03-2023
203,Accessories,38,L,Magenta,Spring,16-05-2023
204,Accessories,38,S,Yellow,Fall,28-09-2023
205,Footwear,100,M,Yellow,Fall,07-11-2023
206,Clothing,64,M,Silver,Winter,05-08-2023
207,Clothing,55,L,Silver,Summer,19-04-2023
208,Accessories,91,M,Silver,Summer,04-10-2023
209,Clothing,38,M,Gold,Spring,20-12-2023
210,Footwear,97,S,Olive,Winter,13-04-2023
211,Outerwear,22,L,Teal,Fall,01-01-2024
212,Clothing,92,L,Maroon,Fall,09-06-2023
213,Accessories,84,L,Blue,Fall,24-07-2023
214,Accessories,93,L,Peach,Fall,10-12-2023
215,Outerwear,50,L,Blue,Summer,29-11-2023
216,Accessories,64,S,Orange,Spring,11-07-2023
217,Clothing,61,L,Yellow,Spring,13-08-2023
218,Accessories,48,M,Purple,Winter,22-09-2023
219,Clothing,45,S,Magenta,Spring,20-08-2023
220,Accessories,88,M,Cyan,Spring,03-03-2023
221,Footwear,57,S,Indigo,Spring,07-05-2023
222,Accessories,68,XL,Magenta,Summer,26-04-2023
223,Accessories,94,XL,Gray,Spring,02-02-2023
224,Clothing,41,M,Turquoise,Spring,23-06-2023
225,Clothing,83,S,Beige,Summer,11-01-2023
226,Outerwear,22,M,Olive,Spring,29-10-2023
227,Footwear,74,L,Violet,Spring,11-10-2023
228,Clothing,90,M,Turquoise,Winter,28-04-2023
229,Clothing,79,M,White,Spring,29-10-2023
230,Footwear,28,S,Silver,Spring,23-04-2023
231,Accessories,88,L,Olive,Fall,04-01-2023
232,Clothing,26,M,Blue,Spring,06-02-2023
233,Accessories,27,L,Purple,Winter,29-12-2023
234,Clothing,83,XL,Yellow,Fall,20-11-2023
235,Accessories,39,S,Silver,Summer,31-01-2023
236,Accessories,89,M,Cyan,Winter,28-04-2023
237,Outerwear,68,L,Green,Winter,04-02-2023
238,Clothing,90,M,Beige,Summer,17-01-2023
239,Clothing,34,M,Peach,Fall,19-06-2023
240,Clothing,51,L,Yellow,Summer,06-02-2023
241,Clothing,45,XL,Turquoise,Winter,21-09-2023
242,Clothing,88,M,Peach,Winter,02-05-2023
243,Outerwear,85,L,Gray,Summer,23-05-2023
244,Accessories,100,M,Olive,Winter,09-12-2023
245,Accessories,42,S,Indigo,Spring,06-09-2023
246,Footwear,53,L,Charcoal,Summer,20-04-2023
247,Accessories,86,XL,Beige,Spring,04-10-2023
248,Clothing,66,XL,Brown,Spring,09-03-2023
249,Accessories,100,M,Blue,Winter,20-10-2023
250,Accessories,47,S,Teal,Fall,23-10-2023
251,Clothing,25,L,Black,Fall,31-08-2023
252,Accessories,51,XL,Gold,Winter,05-05-2023
253,Clothing,41,M,Violet,Summer,31-08-2023
254,Footwear,73,L,Cyan,Winter,28-07-2023
255,Accessories,42,M,White,Winter,08-04-2023
256,Accessories,20,M,Charcoal,Spring,18-02-2023
257,Accessories,30,XL,Violet,Spring,19-02-2023
258,Accessories,53,M,Red,Summer,04-12-2023
259,Accessories,74,S,Lavender,Spring,09-08-2023
260,Clothing,57,M,Gold,Fall,01-07-2023
261,Accessories,57,S,Red,Winter,05-08-2023
262,Clothing,77,L,Magenta,Winter,30-07-2023
263,Clothing,40,M,Teal,Summer,28-08-2023
264,Clothing,46,M,Purple,Summer,28-01-2023
265,Clothing,78,S,Charcoal,Fall,11-12-2023
266,Accessories,59,M,Gray,Spring,01-12-2023
267,Accessories,75,L,White,Summer,27-11-2023
268,Clothing,54,M,Olive,Spring,20-02-2023
269,Footwear,42,M,Charcoal,Spring,01-02-2023
270,Clothing,44,M,Charcoal,Winter,26-07-2023
271,Clothing,52,XL,Orange,Fall,23-06-2023
272,Accessories,69,XL,Yellow,Summer,25-02-2023
273,Accessories,26,M,Beige,Summer,08-05-2023
274,Outerwear,33,S,Silver,Spring,09-04-2023
275,Accessories,32,M,Indigo,Spring,08-04-2023
276,Accessories,85,XL,Lavender,Winter,02-10-2023
277,Clothing,30,XL,Turquoise,Fall,18-08-2023
278,Clothing,29,M,Green,Winter,13-03-2023
279,Clothing,95,M,Orange,Spring,05-08-2023
280,Footwear,69,L,Turquoise,Summer,04-04-2023
281,Footwear,69,S,Cyan,Fall,23-05-2023
282,Accessories,61,XL,Charcoal,Spring,25-08-2023
283,Clothing,94,M,Teal,Summer,08-05-2023
284,Clothing,30,S,Maroon,Fall,08-02-2023
285,Clothing,45,M,Red,Summer,15-08-2023
286,Accessories,39,XL,Yellow,Summer,09-10-2023
287,Accessories,51,L,Gray,Summer,20-02-2023
288,Accessories,37,L,Blue,Spring,26-01-2023
289,Clothing,62,M,Lavender,Winter,30-11-2023
290,Outerwear,85,M,Yellow,Fall,04-10-2023
291,Clothing,33,M,Indigo,Winter,08-01-2023
292,Clothing,26,XL,Violet,Fall,17-02-2023
293,Footwear,99,M,Green,Spring,02-05-2023
294,Accessories,39,M,White,Spring,27-03-2023
295,Clothing,20,M,Gold,Spring,28-07-2023
296,Accessories,42,M,Indigo,Winter,06-09-2023
297,Footwear,74,S,Lavender,Spring,04-09-2023
298,Footwear,26,XL,Purple,Summer,20-04-2023
299,Clothing,53,M,Lavender,Winter,25-07-2023
300,Footwear,80,M,Maroon,Summer,31-01-2023
301,Accessories,98,M,Teal,Spring,26-03-2023
302,Clothing,95,M,Green,Spring,14-07-2023
303,Clothing,44,L,Olive,Summer,02-01-2023
304,Footwear,60,M,Turquoise,Summer,19-07-2023
305,Clothing,84,M,Green,Winter,16-05-2023
306,Clothing,59,M,Teal,Fall,21-08-2023
307,Outerwear,49,S,White,Summer,27-05-2023
308,Accessories,32,M,Orange,Winter,05-08-2023
309,Accessories,29,M,Beige,Fall,23-12-2023
310,Clothing,22,M,Yellow,Spring,12-10-2023
311,Clothing,85,M,Charcoal,Winter,05-12-2023
312,Clothing,52,L,Silver,Winter,07-09-2023
313,Clothing,89,L,Green,Spring,21-03-2023
314,Clothing,77,M,Pink,Spring,08-04-2023
315,Clothing,24,M,Purple,Summer,01-06-2023
316,Accessories,24,XL,Orange,Spring,22-04-2023
317,Accessories,22,M,Charcoal,Fall,30-01-2023
318,Clothing,82,L,Teal,Fall,24-10-2023
319,Accessories,67,M,Beige,Winter,05-10-2023
320,Clothing,74,XL,White,Spring,01-02-2023
321,Accessories,72,L,White,Summer,10-06-2023
322,Footwear,36,L,Orange,Summer,30-01-2023
323,Accessories,95,S,Cyan,Winter,26-01-2023
324,Clothing,78,M,Orange,Winter,27-10-2023
325,Clothing,82,M,Olive,Summer,02-09-2023
326,Clothing,70,M,Charcoal,Winter,15-09-2023
327,Accessories,41,M,White,Fall,29-09-2023
328,Outerwear,42,M,Teal,Summer,22-03-2023
329,Outerwear,50,M,Yellow,Fall,30-01-2023
330,Clothing,31,S,White,Summer,18-09-2023
331,Clothing,51,M,Beige,Winter,11-02-2023
332,Clothing,98,L,Beige,Fall,06-04-2023
333,Clothing,86,M,Maroon,Winter,05-02-2023
334,Clothing,64,M,Teal,Winter,01-11-2023
335,Clothing,46,M,Lavender,Fall,04-02-2023
336,Clothing,85,L,Maroon,Spring,12-12-2023
337,Accessories,81,S,Orange,Fall,01-05-2023
338,Clothing,59,M,Cyan,Winter,26-07-2023
339,Clothing,79,M,Silver,Winter,03-03-2023
340,Clothing,33,M,Teal,Spring,19-10-2023
341,Clothing,47,L,Blue,Summer,07-05-2023
342,Accessories,20,S,Blue,Summer,24-10-2023
343,Outerwear,36,M,Olive,Spring,01-11-2023
344,Footwear,39,M,Purple,Summer,21-01-2023
345,Clothing,71,M,Charcoal,Winter,14-11-2023
346,Footwear,59,S,Olive,Winter,11-02-2023
347,Clothing,50,L,Violet,Spring,03-08-2023
348,Footwear,41,L,Red,Fall,03-12-2023
349,Clothing,59,M,Beige,Fall,26-10-2023
350,Accessories,87,M,Green,Winter,17-10-2023
351,Clothing,68,M,Violet,Spring,25-09-2023
352,Clothing,90,M,Teal,Winter,11-06-2023
353,Clothing,71,XL,Yellow,Fall,14-05-2023
354,Footwear,64,L,Yellow,Fall,15-04-2023
355,Accessories,76,S,Olive,Fall,09-12-2023
356,Accessories,42,XL,Magenta,Fall,10-06-2023
357,Clothing,80,L,Black,Spring,03-05-2023
358,Accessories,56,M,Olive,Spring,16-05-2023
359,Accessories,25,XL,Magenta,Summer,22-07-2023
360,Footwear,74,M,Olive,Winter,09-03-2023
361,Clothing,30,M,Teal,Summer,10-12-2023
362,Clothing,96,M,White,Spring,27-11-2023
363,Footwear,64,M,Charcoal,Fall,03-06-2023
364,Clothing,88,L,Yellow,Winter,23-08-2023
365,Footwear,88,L,Charcoal,Summer,11-06-2023
366,Accessories,88,XL,Gray,Summer,07-02-2023
367,Clothing,36,M,Turquoise,Spring,05-01-2023
368,Clothing,40,XL,Cyan,Spring,23-08-2023
369,Accessories,39,M,Charcoal,Spring,15-11-2023
370,Accessories,40,M,Silver,Summer,16-10-2023
371,Accessories,34,M,Olive,Winter,21-02-2023
372,Footwear,83,S,Pink,Winter,07-02-2023
373,Clothing,85,L,Orange,Summer,03-10-2023
374,Outerwear,27,L,White,Summer,20-04-2023
375,Accessories,78,S,Purple,Spring,17-09-2023
376,Accessories,32,M,Olive,Summer,16-05-2023
377,Footwear,51,S,Gray,Fall,09-03-2023
378,Accessories,32,M,Silver,Spring,28-06-2023
379,Clothing,62,L,Orange,Winter,05-02-2023
380,Clothing,29,S,Magenta,Fall,06-05-2023
381,Accessories,69,XL,Beige,Fall,09-07-2023
382,Accessories,25,L,Lavender,Winter,26-05-2023
383,Clothing,76,M,Peach,Winter,22-03-2023
384,Accessories,77,S,Magenta,Fall,13-08-2023
385,Clothing,33,M,Beige,Fall,06-10-2023
386,Clothing,93,S,Yellow,Fall,27-12-2023
387,Accessories,39,L,Brown,Spring,04-06-2023
388,Outerwear,93,L,Silver,Summer,10-11-2023
389,Accessories,82,M,Orange,Summer,01-12-2023
390,Footwear,42,L,Purple,Spring,28-09-2023
391,Accessories,71,M,Indigo,Winter,05-01-2023
392,Clothing,86,L,Gray,Spring,08-12-2023
393,Clothing,82,XL,Black,Spring,11-10-2023
394,Footwear,65,L,Maroon,Fall,03-06-2023
395,Accessories,29,M,Beige,Spring,06-12-2023
396,Footwear,65,L,Brown,Winter,23-02-2023
397,Clothing,88,S,Black,Fall,10-03-2023
398,Accessories,46,M,Indigo,Fall,16-05-2023
399,Footwear,67,S,Silver,Winter,01-03-2023
400,Accessories,35,L,Blue,Fall,24-02-2023
401,Footwear,66,M,Green,Winter,11-10-2023
402,Clothing,91,L,Orange,Fall,21-03-2023
403,Accessories,78,L,Cyan,Fall,20-05-2023
404,Footwear,45,M,Orange,Winter,25-05-2023
405,Clothing,93,M,Indigo,Spring,06-11-2023
406,Clothing,74,S,Silver,Summer,18-04-2023
407,Accessories,55,M,Peach,Spring,25-06-2023
408,Clothing,76,XL,Teal,Spring,15-04-2023
409,Footwear,66,L,White,Spring,18-12-2023
410,Clothing,51,M,Brown,Winter,21-11-2023
411,Clothing,26,L,Lavender,Spring,16-05-2023
412,Clothing,29,M,Indigo,Summer,16-09-2023
413,Outerwear,74,M,Yellow,Summer,08-09-2023
414,Accessories,99,S,White,Summer,09-05-2023
415,Accessories,88,L,Violet,Winter,27-01-2023
416,Outerwear,31,M,Lavender,Winter,17-02-2023
417,Accessories,55,L,Olive,Spring,21-11-2023
418,Footwear,81,L,Beige,Fall,05-08-2023
419,Clothing,73,L,Purple,Spring,22-05-2023
420,Clothing,91,S,Teal,Winter,23-01-2023
421,Clothing,54,S,Peach,Spring,02-01-2023
422,Clothing,40,M,Violet,Winter,20-06-2023
423,Clothing,59,M,Purple,Fall,08-03-2023
424,Accessories,26,L,Teal,Spring,23-11-2023
425,Clothing,23,M,Gold,Winter,15-05-2023
426,Clothing,87,S,Teal,Winter,24-03-2023
427,Clothing,71,M,Violet,Winter,15-08-2023
428,Accessories,91,L,Black,Winter,10-10-2023
429,Outerwear,64,XL,Gold,Winter,28-12-2023
430,Footwear,94,M,Gold,Winter,07-08-2023
431,Clothing,40,M,Brown,Summer,15-10-2023
432,Accessories,76,L,Cyan,Winter,05-01-2023
433,Clothing,86,S,Indigo,Fall,27-02-2023
434,Clothing,92,M,Orange,Fall,08-02-2023
435,Footwear,52,L,Pink,Spring,20-12-2023
436,Outerwear,28,XL,Olive,Winter,18-03-2023
437,Clothing,46,L,Cyan,Summer,07-10-2023
438,Accessories,50,M,Peach,Summer,19-01-2023
439,Accessories,23,M,Turquoise,Winter,09-07-2023
440,Outerwear,50,M,Turquoise,Summer,26-10-2023
441,Clothing,89,XL,Maroon,Winter,10-10-2023
442,Clothing,81,M,Maroon,Winter,17-03-2023
443,Accessories,69,M,Olive,Fall,09-08-2023
444,Accessories,67,M,Magenta,Summer,07-03-2023
445,Clothing,20,M,Red,Summer,22-01-2023
446,Footwear,29,M,Olive,Fall,07-06-2023
447,Clothing,74,M,Silver,Summer,06-07-2023
448,Clothing,82,S,Turquoise,Spring,21-01-2023
449,Accessories,23,M,Yellow,Summer,03-07-2023
450,Accessories,45,L,Peach,Summer,18-04-2023
451,Footwear,21,L,Beige,Summer,16-12-2023
452,Accessories,31,M,Pink,Summer,08-05-2023
453,Clothing,45,M,Violet,Summer,08-12-2023
454,Accessories,56,XL,Peach,Winter,22-02-2023
455,Outerwear,97,S,Gold,Summer,01-07-2023
456,Clothing,100,XL,Gold,Fall,14-10-2023
457,Clothing,96,S,Indigo,Fall,28-07-2023
458,Accessories,99,M,Blue,Spring,14-11-2023
459,Clothing,91,L,Black,Winter,21-03-2023
460,Accessories,30,L,Black,Winter,02-05-2023
461,Footwear,65,L,Teal,Summer,25-03-2023
462,Footwear,93,M,Yellow,Winter,01-04-2023
463,Outerwear,81,M,White,Fall,31-07-2023
464,Accessories,81,S,Orange,Summer,13-01-2023
465,Accessories,52,M,Silver,Winter,02-04-2023
466,Clothing,88,M,Pink,Summer,20-06-2023
467,Clothing,24,L,Turquoise,Winter,30-07-2023
468,Accessories,51,S,Orange,Spring,09-12-2023
469,Accessories,38,S,Peach,Fall,08-05-2023
470,Clothing,46,L,Pink,Fall,17-05-2023
471,Clothing,63,L,Teal,Summer,23-03-2023
472,Accessories,72,XL,White,Winter,26-12-2023
473,Clothing,39,L,Gray,Winter,25-02-2023
474,Outerwear,42,L,Olive,Spring,15-07-2023
475,Clothing,76,XL,Maroon,Summer,20-01-2023
476,Footwear,66,L,Magenta,Summer,29-08-2023
477,Accessories,90,M,Magenta,Spring,24-04-2023
478,Clothing,56,M,Green,Summer,13-04-2023
479,Accessories,43,XL,Turquoise,Winter,24-08-2023
480,Accessories,84,L,Yellow,Winter,29-06-2023
481,Clothing,88,M,Gray,Summer,06-06-2023
482,Accessories,88,L,Peach,Fall,27-04-2023
483,Accessories,42,M,Yellow,Winter,25-04-2023
484,Clothing,73,M,White,Fall,13-01-2023
485,Accessories,73,L,Lavender,Summer,04-12-2023
486,Footwear,44,S,Blue,Spring,09-04-2023
487,Footwear,63,M,Charcoal,Fall,24-07-2023
488,Outerwear,68,L,Red,Winter,18-06-2023
489,Clothing,29,L,Olive,Spring,23-05-2023
490,Clothing,85,M,Green,Summer,05-02-2023
491,Footwear,42,M,Silver,Winter,23-05-2023
492,Outerwear,69,M,Silver,Summer,29-06-2023
493,Clothing,62,M,Black,Fall,25-11-2023
494,Accessories,48,XL,Red,Summer,18-09-2023
495,Footwear,68,M,Indigo,Winter,24-07-2023
496,Accessories,36,XL,Cyan,Fall,14-12-2023
497,Clothing,63,S,Maroon,Fall,02-10-2023
498,Footwear,39,S,Silver,Winter,19-06-2023
499,Footwear,78,M,Lavender,Spring,15-01-2023
500,Footwear,99,L,Silver,Winter,01-03-2023
501,Clothing,31,L,Purple,Fall,14-05-2023
502,Footwear,45,M,Cyan,Spring,02-04-2023
503,Clothing,30,S,Cyan,Fall,25-10-2023
504,Footwear,24,M,Lavender,Summer,16-05-2023
505,Footwear,22,M,Maroon,Winter,20-01-2023
506,Clothing,63,L,Gray,Spring,25-02-2023
507,Accessories,40,M,Olive,Fall,02-11-2023
508,Clothing,20,M,Magenta,Spring,11-08-2023
509,Accessories,20,S,Yellow,Winter,26-06-2023
510,Clothing,80,L,Cyan,Summer,10-06-2023
511,Clothing,87,M,Teal,Fall,12-08-2023
512,Clothing,46,L,Yellow,Fall,07-11-2023
513,Accessories,49,L,Peach,Winter,19-09-2023
514,Accessories,65,M,Peach,Fall,01-03-2023
515,Clothing,62,S,Olive,Winter,17-07-2023
516,Accessories,67,L,Charcoal,Spring,23-10-2023
517,Clothing,41,L,Indigo,Fall,08-04-2023
518,Footwear,49,L,Silver,Fall,11-05-2023
519,Clothing,100,M,Beige,Fall,23-01-2023
520,Accessories,54,L,Blue,Summer,29-12-2023
521,Accessories,84,M,White,Spring,12-08-2023
522,Clothing,41,L,Gold,Winter,01-01-2023
523,Accessories,88,M,Blue,Spring,24-09-2023
524,Footwear,40,M,Orange,Spring,03-10-2023
525,Clothing,39,M,Gold,Summer,18-12-2023
526,Outerwear,37,M,Cyan,Spring,10-12-2023
527,Clothing,52,S,Red,Winter,11-04-2023
528,Clothing,23,L,Yellow,Winter,06-07-2023
529,Footwear,88,S,Beige,Winter,09-08-2023
530,Clothing,84,M,Orange,Fall,05-02-2023
531,Outerwear,37,XL,Magenta,Winter,07-12-2023
532,Footwear,51,L,Purple,Fall,19-06-2023
533,Clothing,76,L,Black,Winter,16-11-2023
534,Footwear,60,L,Pink,Spring,10-06-2023
535,Accessories,72,L,Pink,Fall,06-12-2023
536,Clothing,45,L,Maroon,Spring,05-03-2023
537,Outerwear,84,S,Maroon,Fall,03-06-2023
538,Clothing,49,S,Turquoise,Summer,17-09-2023
539,Clothing,22,XL,Green,Spring,08-06-2023
540,Outerwear,48,M,Violet,Winter,08-12-2023
541,Clothing,37,M,Lavender,Spring,29-07-2023
542,Outerwear,27,L,Gray,Fall,17-06-2023
543,Footwear,79,XL,Teal,Spring,26-07-2023
544,Clothing,98,S,Red,Spring,23-12-2023
545,Footwear,64,S,Yellow,Summer,01-06-2023
546,Outerwear,32,L,Magenta,Summer,11-10-2023
547,Clothing,74,M,Brown,Winter,07-03-2023
548,Outerwear,50,M,Blue,Winter,09-04-2023
549,Accessories,64,M,Black,Winter,04-08-2023
550,Accessories,29,S,Olive,Fall,07-12-2023
551,Accessories,62,M,Olive,Summer,14-07-2023
552,Outerwear,78,XL,Green,Fall,13-12-2023
553,Clothing,94,M,Peach,Fall,31-03-2023
554,Accessories,59,M,White,Winter,12-11-2023
555,Footwear,47,M,Red,Summer,19-10-2023
556,Accessories,57,M,White,Fall,04-06-2023
557,Outerwear,90,L,Indigo,Winter,27-07-2023
558,Clothing,60,M,White,Spring,08-10-2023
559,Footwear,77,L,Teal,Fall,01-01-2023
560,Accessories,41,M,Indigo,Fall,05-06-2023
561,Accessories,48,L,Red,Fall,27-05-2023
562,Outerwear,65,M,Blue,Fall,18-04-2023
563,Clothing,62,M,Blue,Summer,09-08-2023
564,Footwear,99,M,Black,Fall,24-10-2023
565,Clothing,58,M,Olive,Winter,07-11-2023
566,Accessories,43,L,Lavender,Fall,02-12-2023
567,Footwear,93,M,Indigo,Spring,14-06-2023
568,Clothing,50,S,Red,Winter,27-08-2023
569,Clothing,88,L,Red,Summer,15-08-2023
570,Clothing,33,M,Pink,Fall,15-08-2023
571,Clothing,99,XL,Purple,Fall,12-12-2023
572,Outerwear,76,XL,Cyan,Spring,20-04-2023
573,Accessories,97,XL,Cyan,Summer,19-09-2023
574,Clothing,68,M,Charcoal,Summer,31-08-2023
575,Footwear,79,L,Red,Fall,28-03-2023
576,Clothing,86,M,Peach,Fall,04-12-2023
577,Accessories,68,M,Black,Winter,13-02-2023
578,Clothing,52,M,Black,Fall,26-05-2023
579,Footwear,90,M,Purple,Fall,21-09-2023
580,Footwear,41,M,Violet,Winter,06-12-2023
581,Clothing,80,M,Orange,Spring,21-11-2023
582,Clothing,100,XL,Charcoal,Winter,14-11-2023
583,Outerwear,77,L,Turquoise,Spring,21-06-2023
584,Clothing,78,L,Yellow,Spring,17-02-2023
585,Clothing,94,M,White,Spring,01-05-2023
586,Clothing,23,M,Gray,Fall,11-12-2023
587,Clothing,20,S,Blue,Winter,08-06-2023
588,Clothing,86,S,Maroon,Fall,26-04-2023
589,Footwear,60,M,Violet,Fall,12-04-2023
590,Clothing,70,M,Orange,Fall,17-03-2023
591,Accessories,39,S,Turquoise,Fall,13-01-2023
592,Accessories,37,L,Olive,Fall,24-01-2023
593,Footwear,29,M,Brown,Fall,06-05-2023
594,Outerwear,35,S,Green,Winter,01-09-2023
595,Clothing,83,S,Brown,Winter,09-11-2023
596,Footwear,77,M,Silver,Summer,07-02-2023
597,Footwear,37,XL,White,Summer,22-08-2023
598,Accessories,69,L,Gold,Summer,01-08-2023
599,Clothing,66,L,Green,Winter,19-11-2023
600,Footwear,26,L,Teal,Spring,22-10-2023
601,Accessories,63,M,Charcoal,Spring,10-04-2023
602,Accessories,38,M,Maroon,Summer,23-12-2023
603,Footwear,58,L,Lavender,Summer,16-07-2023
604,Accessories,46,L,Green,Winter,11-09-2023
605,Accessories,92,S,Pink,Fall,24-07-2023
606,Accessories,32,XL,Charcoal,Winter,05-05-2023
607,Accessories,90,M,Blue,Spring,17-03-2023
608,Clothing,23,L,Purple,Fall,02-12-2023
609,Accessories,25,S,Gold,Fall,19-12-2023
610,Clothing,54,L,Purple,Fall,03-01-2023
611,Clothing,72,M,Charcoal,Summer,24-02-2023
612,Accessories,33,M,Black,Winter,06-08-2023
613,Accessories,43,L,Lavender,Fall,23-04-2023
614,Outerwear,51,L,Lavender,Fall,01-04-2023
615,Accessories,85,M,Lavender,Winter,23-12-2023
616,Footwear,100,L,Olive,Summer,23-09-2023
617,Accessories,72,L,Teal,Spring,26-08-2023
618,Accessories,57,M,Maroon,Fall,26-01-2023
619,Outerwear,94,L,Cyan,Spring,13-10-2023
620,Accessories,34,M,Charcoal,Summer,08-05-2023
621,Accessories,89,M,Black,Fall,04-03-2023
622,Accessories,27,S,Red,Fall,22-08-2023
623,Clothing,63,S,Peach,Spring,10-03-2023
624,Footwear,70,M,White,Fall,26-08-2023
625,Clothing,87,XL,Pink,Fall,08-12-2023
626,Accessories,79,M,Red,Fall,29-09-2023
627,Accessories,79,M,Indigo,Spring,14-10-2023
628,Footwear,44,L,Black,Winter,01-11-2023
629,Clothing,85,M,White,Fall,12-06-2023
630,Footwear,90,L,Beige,Spring,15-08-2023
631,Accessories,94,S,Silver,Fall,10-11-2023
632,Footwear,68,S,Violet,Summer,16-09-2023
633,Accessories,51,M,Red,Winter,07-08-2023
634,Footwear,33,M,Orange,Spring,08-10-2023
635,Footwear,60,M,Teal,Summer,17-08-2023
636,Clothing,59,M,Brown,Fall,23-03-2023
637,Accessories,30,M,Indigo,Summer,01-09-2023
638,Clothing,20,M,Cyan,Winter,19-08-2023
639,Footwear,20,S,Blue,Summer,13-05-2023
640,Clothing,24,L,Olive,Spring,07-05-2023
641,Clothing,88,M,Gray,Summer,23-11-2023
642,Clothing,78,M,Red,Winter,22-05-2023
643,Clothing,25,L,Red,Spring,24-09-2023
644,Clothing,57,XL,Green,Winter,06-09-2023
645,Accessories,93,S,Blue,Summer,17-11-2023
646,Clothing,42,S,Purple,Summer,03-05-2023
647,Footwear,54,XL,Pink,Spring,21-05-2023
648,Clothing,70,XL,Charcoal,Summer,14-08-2023
649,Clothing,31,M,Brown,Winter,09-02-2023
650,Clothing,93,L,Orange,Spring,01-01-2024
651,Accessories,40,M,Magenta,Spring,27-05-2023
652,Accessories,32,L,Yellow,Summer,01-05-2023
653,Accessories,27,M,Beige,Winter,20-05-2023
654,Accessories,68,M,Olive,Winter,21-06-2023
655,Accessories,59,L,Gray,Summer,13-06-2023
656,Accessories,36,S,Purple,Fall,04-10-2023
657,Clothing,23,M,Beige,Summer,11-02-2023
658,Outerwear,80,M,White,Winter,12-03-2023
659,Accessories,37,S,White,Fall,19-03-2023
660,Clothing,52,S,Gold,Spring,29-04-2023
661,Outerwear,79,M,Olive,Fall,16-07-2023
662,Clothing,68,XL,Green,Fall,22-12-2023
663,Accessories,98,L,Magenta,Fall,20-03-2023
664,Clothing,83,M,Charcoal,Fall,28-12-2023
665,Clothing,83,M,Indigo,Winter,20-04-2023
666,Clothing,55,M,Peach,Spring,02-02-2023
667,Clothing,26,L,Turquoise,Winter,01-08-2023
668,Accessories,76,S,Blue,Winter,28-07-2023
669,Clothing,85,S,Turquoise,Fall,19-06-2023
670,Outerwear,89,M,Gray,Spring,05-10-2023
671,Clothing,41,XL,Purple,Spring,27-08-2023
672,Outerwear,30,L,Black,Winter,01-08-2023
673,Clothing,53,M,Peach,Winter,01-02-2023
674,Clothing,66,M,Indigo,Spring,16-04-2023
675,Accessories,33,XL,Beige,Winter,04-08-2023
676,Accessories,86,M,Yellow,Spring,19-07-2023
677,Clothing,60,M,Peach,Winter,27-10-2023
678,Clothing,62,S,Turquoise,Summer,23-12-2023
679,Clothing,74,M,Teal,Fall,11-01-2023
680,Footwear,95,M,Turquoise,Fall,22-10-2023
681,Footwear,25,M,Magenta,Spring,14-07-2023
682,Clothing,59,XL,Purple,Winter,02-09-2023
683,Outerwear,29,M,Brown,Summer,04-01-2023
684,Footwear,36,S,Violet,Winter,30-06-2023
685,Accessories,82,M,Yellow,Summer,02-06-2023
686,Clothing,71,XL,Magenta,Winter,19-07-2023
687,Clothing,35,L,Beige,Fall,03-08-2023
688,Accessories,38,XL,Turquoise,Winter,03-10-2023
689,Accessories,59,S,Peach,Summer,07-10-2023
690,Clothing,91,M,Orange,Summer,05-11-2023
691,Clothing,68,XL,Red,Spring,23-04-2023
692,Accessories,21,L,Silver,Summer,07-09-2023
693,Accessories,95,M,Cyan,Spring,23-04-2023
694,Clothing,52,L,Turquoise,Spring,20-05-2023
695,Clothing,21,S,Charcoal,Fall,12-08-2023
696,Clothing,67,XL,Peach,Summer,06-09-2023
697,Accessories,42,L,Green,Fall,15-01-2023
698,Accessories,63,XL,Brown,Summer,19-07-2023
699,Footwear,41,M,Yellow,Winter,22-06-2023
700,Accessories,46,M,Charcoal,Fall,09-12-2023
701,Clothing,79,L,Olive,Winter,14-12-2023
702,Footwear,90,L,Red,Fall,27-07-2023
703,Clothing,71,M,White,Winter,26-03-2023
704,Clothing,87,L,Pink,Summer,28-08-2023
705,Clothing,66,S,Black,Spring,07-03-2023
706,Clothing,90,XL,Indigo,Summer,15-11-2023
707,Clothing,47,L,Turquoise,Summer,01-10-2023
708,Clothing,38,L,Purple,Spring,14-01-2023
709,Accessories,50,L,Beige,Summer,21-07-2023
710,Outerwear,79,L,Charcoal,Summer,31-10-2023
711,Accessories,91,L,Turquoise,Spring,16-10-2023
712,Footwear,60,M,Maroon,Spring,06-12-2023
713,Clothing,81,XL,Black,Summer,14-01-2023
714,Clothing,90,M,Lavender,Summer,12-02-2023
715,Outerwear,70,M,Magenta,Fall,26-11-2023
716,Clothing,63,L,Green,Spring,08-08-2023
717,Accessories,29,M,Olive,Spring,11-03-2023
718,Clothing,90,L,Green,Spring,25-08-2023
719,Clothing,22,M,Peach,Summer,04-04-2023
720,Clothing,22,L,Turquoise,Summer,26-01-2023
721,Accessories,62,L,Orange,Fall,14-05-2023
722,Clothing,57,L,Silver,Summer,14-07-2023
723,Clothing,32,S,Blue,Summer,17-06-2023
724,Accessories,53,L,Cyan,Fall,19-04-2023
725,Clothing,79,XL,Green,Fall,21-08-2023
726,Accessories,61,L,Silver,Winter,17-06-2023
727,Clothing,78,L,Yellow,Summer,22-06-2023
728,Clothing,97,S,Gray,Winter,14-07-2023
729,Clothing,78,M,Pink,Winter,23-05-2023
730,Accessories,56,L,Beige,Summer,04-08-2023
731,Footwear,25,M,Indigo,Summer,10-05-2023
732,Outerwear,28,M,Red,Spring,11-02-2023
733,Clothing,57,L,Blue,Spring,29-08-2023
734,Clothing,36,L,Cyan,Fall,10-01-2023
735,Clothing,69,S,Violet,Winter,04-10-2023
736,Accessories,48,M,Orange,Fall,27-01-2023
737,Clothing,58,L,Maroon,Spring,29-06-2023
738,Accessories,24,M,Teal,Spring,25-04-2023
739,Accessories,31,L,Orange,Winter,29-11-2023
740,Clothing,29,S,Purple,Summer,05-02-2023
741,Clothing,69,M,Orange,Summer,30-11-2023
742,Clothing,79,XL,Yellow,Summer,21-01-2023
743,Clothing,39,M,Charcoal,Summer,16-01-2023
744,Accessories,84,L,Gray,Fall,07-05-2023
745,Footwear,66,S,Charcoal,Spring,13-04-2023
746,Clothing,92,L,Orange,Fall,11-01-2023
747,Footwear,45,M,Red,Winter,15-11-2023
748,Clothing,74,L,Gold,Spring,20-03-2023
749,Accessories,39,L,Brown,Fall,03-05-2023
750,Accessories,71,M,Olive,Winter,06-03-2023
751,Clothing,95,L,Violet,Fall,31-08-2023
752,Accessories,72,L,Indigo,Fall,09-12-2023
753,Accessories,85,L,Yellow,Fall,28-02-2023
754,Footwear,54,M,Teal,Fall,16-10-2023
755,Accessories,41,L,Pink,Spring,22-04-2023
756,Outerwear,24,M,Violet,Spring,27-08-2023
757,Accessories,99,S,Orange,Summer,25-12-2023
758,Clothing,32,M,Red,Fall,12-05-2023
759,Footwear,71,L,Peach,Summer,08-07-2023
760,Clothing,49,XL,Green,Winter,27-03-2023
761,Accessories,50,XL,Violet,Fall,07-11-2023
762,Accessories,91,L,Yellow,Fall,07-11-2023
763,Accessories,46,M,Pink,Fall,28-02-2023
764,Clothing,50,M,Brown,Spring,25-03-2023
765,Clothing,39,XL,Silver,Fall,09-06-2023
766,Footwear,99,M,Pink,Summer,25-02-2023
767,Accessories,48,M,Cyan,Winter,24-10-2023
768,Outerwear,77,M,Brown,Fall,14-01-2023
769,Accessories,95,XL,Red,Spring,09-06-2023
770,Clothing,100,M,Silver,Spring,22-10-2023
771,Footwear,54,M,Gray,Spring,13-12-2023
772,Clothing,68,L,Cyan,Fall,12-07-2023
773,Clothing,22,L,Teal,Fall,23-07-2023
774,Accessories,84,L,Indigo,Winter,12-04-2023
775,Accessories,46,M,Yellow,Summer,08-02-2023
776,Accessories,53,S,Gold,Winter,31-10-2023
777,Clothing,60,M,Maroon,Spring,20-12-2023
778,Clothing,32,XL,Silver,Spring,18-11-2023
779,Clothing,50,M,Yellow,Summer,05-05-2023
780,Clothing,94,M,Blue,Spring,22-02-2023
781,Footwear,26,M,Turquoise,Spring,23-12-2023
782,Accessories,44,L,Indigo,Winter,04-06-2023
783,Clothing,57,M,Green,Summer,17-12-2023
784,Clothing,65,L,Purple,Winter,04-11-2023
785,Clothing,72,M,Peach,Winter,03-03-2023
786,Clothing,62,S,Purple,Spring,17-10-2023
787,Accessories,21,S,Teal,Winter,22-01-2023
788,Accessories,85,S,Green,Spring,27-06-2023
789,Clothing,51,XL,Yellow,Summer,30-09-2023
790,Accessories,84,S,Purple,Fall,08-08-2023
791,Clothing,37,M,Indigo,Summer,05-12-2023
792,Accessories,44,S,Magenta,Summer,09-07-2023
793,Footwear,45,M,Violet,Spring,05-02-2023
794,Clothing,35,L,Maroon,Summer,17-09-2023
795,Accessories,50,XL,Yellow,Winter,28-11-2023
796,Footwear,26,M,Beige,Summer,24-06-2023
797,Clothing,78,XL,Black,Fall,07-01-2023
798,Outerwear,82,M,Violet,Fall,04-08-2023
799,Clothing,39,M,Violet,Spring,08-09-2023
800,Accessories,55,L,Brown,Summer,24-02-2023
801,Clothing,20,S,Gold,Summer,10-08-2023
802,Accessories,29,L,Blue,Fall,05-07-2023
803,Clothing,41,M,Teal,Winter,22-11-2023
804,Clothing,38,L,Silver,Winter,24-08-2023
805,Footwear,47,M,Maroon,Summer,29-12-2023
806,Clothing,30,L,White,Summer,20-03-2023
807,Clothing,56,L,Charcoal,Summer,11-08-2023
808,Clothing,89,S,Brown,Winter,01-04-2023
809,Footwear,96,L,Lavender,Fall,25-09-2023
810,Footwear,81,M,Violet,Fall,30-11-2023
811,Accessories,83,S,Lavender,Fall,19-05-2023
812,Footwear,35,M,Green,Winter,12-11-2023
813,Footwear,56,M,Olive,Summer,03-10-2023
814,Accessories,45,S,Olive,Summer,05-09-2023
815,Clothing,62,M,Pink,Winter,27-08-2023
816,Accessories,84,L,Teal,Spring,12-08-2023
817,Clothing,24,L,Cyan,Summer,31-10-2023
818,Accessories,21,S,Gray,Spring,18-05-2023
819,Clothing,91,M,Peach,Winter,15-06-2023
820,Accessories,36,S,Teal,Winter,06-05-2023
821,Footwear,39,M,Turquoise,Spring,14-02-2023
822,Clothing,39,M,Green,Spring,23-05-2023
823,Clothing,59,L,Magenta,Winter,19-08-2023
824,Accessories,27,M,Green,Winter,05-05-2023
825,Clothing,94,M,White,Spring,26-08-2023
826,Accessories,94,XL,Brown,Fall,19-10-2023
827,Clothing,94,M,Purple,Winter,09-11-2023
828,Footwear,51,S,Green,Fall,09-12-2023
829,Clothing,62,M,Peach,Fall,14-07-2023
830,Clothing,57,S,Silver,Spring,22-06-2023
831,Clothing,76,M,Maroon,Fall,15-01-2023
832,Accessories,63,M,Red,Summer,11-09-2023
833,Outerwear,80,L,Blue,Fall,16-06-2023
834,Accessories,68,M,Purple,Fall,04-04-2023
835,Accessories,89,M,Indigo,Summer,07-09-2023
836,Footwear,26,L,Indigo,Summer,19-04-2023
837,Accessories,90,L,Violet,Winter,01-07-2023
838,Clothing,28,L,Brown,Spring,13-05-2023
839,Outerwear,29,M,Gray,Spring,24-06-2023
840,Clothing,31,L,Teal,Spring,24-05-2023
841,Clothing,24,L,Teal,Summer,02-11-2023
842,Clothing,88,M,Beige,Summer,26-12-2023
843,Clothing,87,M,Violet,Spring,22-05-2023
844,Clothing,80,S,Beige,Summer,12-10-2023
845,Footwear,48,L,Purple,Winter,06-01-2023
846,Accessories,21,XL,Charcoal,Winter,22-09-2023
847,Footwear,72,M,Pink,Spring,08-04-2023
848,Clothing,44,L,Blue,Fall,13-02-2023
849,Footwear,73,M,Lavender,Fall,04-05-2023
850,Clothing,61,S,Charcoal,Spring,28-07-2023
851,Footwear,20,L,Turquoise,Winter,08-09-2023
852,Footwear,86,M,Red,Summer,12-10-2023
853,Clothing,60,L,Yellow,Spring,04-05-2023
854,Accessories,43,L,Orange,Winter,20-12-2023
855,Clothing,44,L,Blue,Spring,01-09-2023
856,Clothing,76,L,Gold,Spring,27-11-2023
857,Clothing,33,M,Gold,Summer,31-12-2023
858,Clothing,60,L,Cyan,Fall,09-09-2023
859,Outerwear,26,L,Olive,Fall,18-08-2023
860,Clothing,73,M,Teal,Winter,09-01-2023
861,Footwear,87,M,Maroon,Spring,17-02-2023
862,Clothing,100,XL,Green,Spring,31-05-2023
863,Outerwear,84,M,Charcoal,Winter,24-04-2023
864,Footwear,41,M,Cyan,Summer,27-07-2023
865,Clothing,59,S,Charcoal,Winter,21-12-2023
866,Clothing,26,L,Charcoal,Winter,05-05-2023
867,Accessories,69,M,Lavender,Summer,06-06-2023
868,Outerwear,20,M,Turquoise,Spring,06-12-2023
869,Clothing,83,M,Green,Summer,25-10-2023
870,Accessories,54,M,Silver,Spring,08-07-2023
871,Clothing,66,M,Blue,Fall,31-08-2023
872,Accessories,42,M,Charcoal,Spring,11-10-2023
873,Clothing,33,M,Pink,Spring,29-09-2023
874,Footwear,77,M,Pink,Summer,26-06-2023
875,Outerwear,65,M,Magenta,Fall,06-08-2023
876,Footwear,39,L,Gray,Summer,09-10-2023
877,Accessories,51,L,Gray,Summer,19-06-2023
878,Accessories,65,M,Orange,Winter,30-06-2023
879,Accessories,89,S,Black,Summer,26-12-2023
880,Clothing,76,S,Lavender,Spring,21-08-2023
881,Accessories,75,L,Red,Spring,19-05-2023
882,Footwear,61,M,Silver,Summer,06-06-2023
883,Footwear,35,M,Cyan,Fall,09-05-2023
884,Footwear,37,S,Gold,Fall,29-04-2023
885,Clothing,91,L,Yellow,Winter,03-03-2023
886,Clothing,99,L,Purple,Fall,09-04-2023
887,Clothing,54,S,Brown,Summer,11-06-2023
888,Accessories,47,L,Turquoise,Winter,03-03-2023
889,Accessories,77,S,Gold,Spring,02-10-2023
890,Accessories,84,S,Olive,Fall,20-12-2023
891,Accessories,51,S,Purple,Spring,05-04-2023
892,Clothing,26,S,Lavender,Summer,09-04-2023
893,Clothing,64,L,Gray,Summer,21-04-2023
894,Accessories,51,M,Red,Spring,05-09-2023
895,Clothing,60,L,Purple,Spring,22-05-2023
896,Accessories,69,XL,Olive,Spring,29-10-2023
897,Accessories,29,M,Lavender,Spring,26-09-2023
898,Clothing,91,M,Gray,Spring,02-11-2023
899,Accessories,70,L,Red,Spring,25-05-2023
900,Clothing,58,M,Peach,Summer,21-02-2023
901,Accessories,98,L,Gray,Fall,10-04-2023
902,Accessories,68,L,Violet,Summer,01-06-2023
903,Accessories,44,M,Beige,Summer,27-04-2023
904,Outerwear,45,M,Blue,Winter,04-07-2023
905,Clothing,99,L,Magenta,Spring,02-04-2023
906,Clothing,68,S,Cyan,Spring,04-06-2023
907,Clothing,56,M,Red,Spring,08-01-2023
908,Clothing,43,L,Cyan,Winter,29-12-2023
909,Accessories,99,M,Turquoise,Winter,01-10-2023
910,Accessories,56,L,Silver,Fall,06-03-2023
911,Clothing,25,S,Pink,Spring,21-05-2023
912,Clothing,74,M,Black,Winter,24-01-2023
913,Clothing,56,M,Green,Winter,28-01-2023
914,Footwear,47,M,Yellow,Fall,11-10-2023
915,Clothing,67,L,Purple,Summer,30-05-2023
916,Clothing,22,L,Purple,Winter,24-12-2023
917,Clothing,34,S,Blue,Spring,06-03-2023
918,Clothing,64,M,Maroon,Spring,23-11-2023
919,Clothing,42,M,Orange,Spring,09-09-2023
920,Clothing,82,L,Green,Winter,22-02-2023
921,Accessories,81,XL,Gold,Summer,07-01-2023
922,Outerwear,24,L,Silver,Summer,21-10-2023
923,Footwear,60,M,Cyan,Fall,26-05-2023
924,Clothing,24,M,Silver,Spring,29-08-2023
925,Clothing,78,XL,Beige,Winter,03-09-2023
926,Clothing,88,L,Teal,Winter,14-08-2023
927,Clothing,63,XL,Green,Spring,24-06-2023
928,Footwear,78,L,Black,Summer,05-04-2023
929,Clothing,37,XL,Yellow,Winter,27-01-2023
930,Footwear,94,M,White,Fall,10-05-2023
931,Clothing,78,L,Green,Fall,02-09-2023
932,Outerwear,36,M,Silver,Winter,28-02-2023
933,Clothing,24,L,Blue,Winter,03-02-2023
934,Footwear,84,M,Magenta,Spring,25-07-2023
935,Clothing,47,S,Yellow,Spring,09-09-2023
936,Clothing,51,L,White,Fall,07-02-2023
937,Footwear,84,M,Pink,Summer,23-10-2023
938,Clothing,24,M,Magenta,Summer,19-11-2023
939,Clothing,97,S,Teal,Fall,18-12-2023
940,Clothing,89,L,Indigo,Winter,28-01-2023
941,Accessories,44,S,Maroon,Spring,19-03-2023
942,Accessories,35,L,Black,Winter,18-03-2023
943,Clothing,91,M,Cyan,Winter,16-10-2023
944,Accessories,63,L,Cyan,Winter,05-06-2023
945,Accessories,97,S,Gray,Spring,13-02-2023
946,Footwear,38,M,Violet,Summer,08-05-2023
947,Outerwear,24,XL,Blue,Spring,02-03-2023
948,Clothing,32,M,Charcoal,Winter,13-10-2023
949,Accessories,90,L,Olive,Summer,02-08-2023
950,Clothing,36,M,Olive,Summer,07-11-2023
951,Accessories,37,XL,Turquoise,Winter,02-11-2023
952,Clothing,51,M,Cyan,Summer,13-11-2023
953,Accessories,71,S,Red,Fall,26-04-2023
954,Accessories,50,S,Cyan,Spring,25-09-2023
955,Accessories,74,S,Turquoise,Fall,14-07-2023
956,Clothing,75,L,Lavender,Summer,19-08-2023
957,Clothing,99,XL,Cyan,Spring,15-08-2023
958,Accessories,23,XL,Violet,Spring,02-06-2023
959,Footwear,53,XL,Beige,Winter,29-10-2023
960,Clothing,99,M,Cyan,Spring,08-08-2023
961,Accessories,48,XL,Indigo,Spring,06-06-2023
962,Footwear,72,L,Olive,Fall,19-10-2023
963,Accessories,64,L,Green,Spring,14-11-2023
964,Footwear,63,L,Green,Spring,31-01-2023
965,Footwear,51,M,Beige,Spring,09-11-2023
966,Footwear,55,L,Black,Spring,20-02-2023
967,Clothing,55,M,Brown,Spring,17-04-2023
968,Clothing,26,S,Silver,Summer,17-11-2023
969,Clothing,67,L,Gray,Summer,19-04-2023
970,Outerwear,31,S,Pink,Fall,16-05-2023
971,Clothing,66,S,Maroon,Winter,05-12-2023
972,Accessories,67,M,Cyan,Summer,11-02-2023
973,Footwear,61,L,Gold,Winter,22-03-2023
974,Outerwear,75,M,Teal,Fall,03-05-2023
975,Clothing,90,M,Beige,Spring,30-03-2023
976,Clothing,40,M,Olive,Summer,10-10-2023
977,Clothing,90,M,Gray,Fall,08-02-2023
978,Accessories,20,M,Black,Spring,22-03-2023
979,Accessories,40,M,Turquoise,Summer,02-01-2023
980,Accessories,33,S,Brown,Fall,29-07-2023
981,Footwear,98,S,Magenta,Spring,19-08-2023
982,Accessories,42,M,Silver,Spring,19-12-2023
983,Outerwear,62,S,Red,Summer,01-11-2023
984,Accessories,45,L,Indigo,Winter,29-08-2023
985,Footwear,78,M,Green,Summer,30-05-2023
986,Accessories,80,M,Gray,Fall,17-01-2023
987,Accessories,96,S,Peach,Spring,29-04-2023
988,Accessories,47,M,Charcoal,Summer,28-05-2023
989,Clothing,84,M,Orange,Winter,28-12-2023
990,Footwear,31,M,Beige,Spring,25-05-2023
991,Accessories,63,S,Yellow,Spring,26-12-2023
992,Clothing,97,XL,White,Spring,21-08-2023
993,Outerwear,99,M,Gray,Winter,06-02-2023
994,Footwear,90,M,Peach,Winter,18-12-2023
995,Footwear,68,L,Violet,Fall,30-04-2023
996,Accessories,80,M,Magenta,Spring,16-05-2023
997,Footwear,91,L,Maroon,Summer,17-11-2023
998,Clothing,30,M,Cyan,Spring,29-10-2023
999,Footwear,90,M,White,Spring,05-12-2023
1000,Clothing,28,L,Brown,Spring,12-04-2023
1001,Clothing,46,M,Red,Winter,11-05-2023
1002,Clothing,60,M,Orange,Fall,29-10-2023
1003,Footwear,59,M,White,Spring,31-08-2023
1004,Accessories,68,M,Green,Fall,14-02-2023
1005,Accessories,79,M,Black,Summer,01-10-2023
1006,Accessories,94,M,Gold,Winter,18-02-2023
1007,Clothing,83,S,Lavender,Summer,22-09-2023
1008,Accessories,62,XL,Turquoise,Spring,05-10-2023
1009,Accessories,85,M,Pink,Spring,19-08-2023
1010,Clothing,30,M,Silver,Summer,30-07-2023
1011,Clothing,24,XL,Gray,Spring,24-01-2023
1012,Accessories,25,L,Indigo,Spring,26-12-2023
1013,Footwear,37,L,Teal,Summer,17-02-2023
1014,Accessories,69,XL,Green,Summer,09-07-2023
1015,Footwear,97,M,Violet,Summer,01-08-2023
1016,Accessories,24,M,Cyan,Summer,20-11-2023
1017,Accessories,30,XL,Blue,Summer,24-09-2023
1018,Outerwear,53,L,Orange,Fall,16-05-2023
1019,Clothing,70,XL,Charcoal,Spring,06-09-2023
1020,Clothing,76,S,Beige,Winter,11-08-2023
1021,Accessories,95,M,Black,Fall,19-04-2023
1022,Outerwear,51,S,Lavender,Winter,10-02-2023
1023,Accessories,41,M,Lavender,Winter,13-10-2023
1024,Accessories,71,S,Turquoise,Winter,08-09-2023
1025,Clothing,66,M,Purple,Summer,02-10-2023
1026,Clothing,84,M,Olive,Winter,17-11-2023
1027,Accessories,95,L,Turquoise,Winter,23-06-2023
1028,Accessories,90,L,Teal,Summer,16-05-2023
1029,Clothing,36,S,Lavender,Summer,17-01-2023
1030,Accessories,22,M,Purple,Spring,01-06-2023
1031,Outerwear,89,L,Blue,Winter,19-09-2023
1032,Footwear,50,M,Teal,Spring,10-05-2023
1033,Footwear,36,M,Lavender,Fall,03-06-2023
1034,Clothing,52,S,Silver,Spring,20-02-2023
1035,Clothing,29,M,Olive,Fall,23-10-2023
1036,Clothing,89,M,Brown,Fall,02-09-2023
1037,Accessories,47,M,Yellow,Fall,21-03-2023
1038,Accessories,25,XL,Brown,Spring,29-10-2023
1039,Clothing,74,XL,Cyan,Fall,02-02-2023
1040,Accessories,46,M,Magenta,Fall,08-10-2023
1041,Clothing,22,S,Magenta,Fall,24-08-2023
1042,Clothing,25,M,Orange,Summer,05-05-2023
1043,Accessories,80,M,Maroon,Spring,08-12-2023
1044,Clothing,76,M,Green,Spring,26-04-2023
1045,Clothing,30,L,Teal,Summer,22-04-2023
1046,Clothing,79,L,Black,Fall,06-06-2023
1047,Footwear,22,M,Magenta,Winter,06-02-2023
1048,Clothing,36,S,Olive,Fall,31-08-2023
1049,Clothing,77,L,Yellow,Fall,02-11-2023
1050,Accessories,33,S,Purple,Fall,22-03-2023
1051,Footwear,64,M,Beige,Winter,21-08-2023
1052,Clothing,53,M,Indigo,Fall,17-09-2023
1053,Footwear,36,XL,Pink,Fall,05-01-2023
1054,Clothing,70,M,Blue,Spring,03-05-2023
1055,Clothing,96,L,Cyan,Winter,29-10-2023
1056,Outerwear,27,M,Orange,Spring,10-02-2023
1057,Clothing,64,L,Black,Winter,23-02-2023
1058,Outerwear,23,S,Maroon,Spring,10-01-2023
1059,Accessories,33,L,Violet,Summer,16-09-2023
1060,Outerwear,34,M,Beige,Winter,16-10-2023
1061,Clothing,35,S,Gray,Summer,13-02-2023
1062,Outerwear,62,M,Gray,Summer,29-11-2023
1063,Footwear,75,M,Brown,Fall,20-01-2023
1064,Clothing,29,S,Indigo,Summer,03-05-2023
1065,Accessories,28,M,Violet,Spring,06-07-2023
1066,Clothing,20,XL,Blue,Spring,26-10-2023
1067,Outerwear,96,M,Red,Winter,10-12-2023
1068,Clothing,43,S,Peach,Summer,28-07-2023
1069,Clothing,94,M,Olive,Fall,26-05-2023
1070,Clothing,81,XL,White,Fall,19-03-2023
1071,Accessories,75,M,Magenta,Summer,13-04-2023
1072,Accessories,81,M,Beige,Summer,06-06-2023
1073,Clothing,92,L,Gold,Fall,12-08-2023
1074,Accessories,96,XL,Purple,Spring,01-08-2023
1075,Accessories,71,S,White,Fall,27-10-2023
1076,Accessories,50,L,Indigo,Summer,15-05-2023
1077,Outerwear,72,L,Charcoal,Spring,05-01-2023
1078,Outerwear,28,M,Pink,Winter,03-03-2023
1079,Clothing,59,M,Silver,Fall,24-10-2023
1080,Outerwear,33,S,Blue,Summer,22-05-2023
1081,Accessories,59,L,Blue,Fall,05-02-2023
1082,Accessories,30,XL,Brown,Spring,24-01-2023
1083,Accessories,85,XL,Cyan,Winter,25-04-2023
1084,Accessories,97,L,Teal,Summer,02-06-2023
1085,Clothing,36,S,Purple,Fall,11-02-2023
1086,Accessories,85,M,Turquoise,Winter,15-03-2023
1087,Accessories,62,M,Olive,Winter,10-11-2023
1088,Clothing,71,S,White,Winter,28-02-2023
1089,Clothing,21,M,Turquoise,Winter,17-08-2023
1090,Accessories,61,M,Silver,Spring,23-09-2023
1091,Accessories,58,M,Violet,Spring,24-09-2023
1092,Clothing,80,L,Lavender,Spring,27-04-2023
1093,Accessories,50,L,Magenta,Spring,26-07-2023
1094,Footwear,48,S,Indigo,Winter,08-11-2023
1095,Accessories,40,M,Black,Winter,29-09-2023
1096,Outerwear,34,S,Peach,Summer,28-07-2023
1097,Outerwear,46,S,Beige,Fall,03-03-2023
1098,Accessories,27,M,Black,Summer,02-11-2023
1099,Accessories,98,S,Turquoise,Spring,22-05-2023
1100,Clothing,73,M,Peach,Fall,09-05-2023
1101,Clothing,28,L,Gold,Spring,16-12-2023
1102,Accessories,76,XL,Silver,Fall,29-09-2023
1103,Clothing,83,M,Peach,Fall,17-04-2023
1104,Clothing,23,S,Charcoal,Spring,14-11-2023
1105,Accessories,28,M,Beige,Fall,30-04-2023
1106,Clothing,83,S,Olive,Spring,02-04-2023
1107,Clothing,96,L,Violet,Winter,06-09-2023
1108,Footwear,62,M,Peach,Fall,29-04-2023
1109,Clothing,25,M,Teal,Fall,24-07-2023
1110,Clothing,97,L,Violet,Winter,21-05-2023
1111,Clothing,61,L,Cyan,Fall,24-11-2023
1112,Footwear,66,S,Olive,Summer,15-10-2023
1113,Clothing,67,XL,Pink,Spring,15-01-2023
1114,Accessories,80,M,Purple,Summer,29-03-2023
1115,Clothing,25,L,Violet,Fall,02-10-2023
1116,Accessories,58,S,Peach,Fall,11-06-2023
1117,Accessories,96,M,Charcoal,Winter,17-03-2023
1118,Accessories,77,L,Lavender,Spring,25-03-2023
1119,Accessories,65,M,Purple,Summer,21-01-2023
1120,Accessories,36,M,Indigo,Spring,28-04-2023
1121,Footwear,84,M,Magenta,Winter,04-01-2023
1122,Clothing,58,XL,Peach,Fall,20-12-2023
1123,Accessories,62,S,Charcoal,Spring,21-03-2023
1124,Accessories,67,S,Purple,Fall,14-06-2023
1125,Clothing,20,M,Orange,Spring,07-02-2023
1126,Footwear,90,M,Lavender,Summer,30-11-2023
1127,Accessories,58,L,Beige,Winter,29-08-2023
1128,Clothing,53,XL,Maroon,Spring,11-06-2023
1129,Accessories,30,L,Charcoal,Winter,07-02-2023
1130,Clothing,65,XL,White,Winter,05-12-2023
1131,Accessories,41,M,Lavender,Summer,22-06-2023
1132,Clothing,73,M,Black,Spring,19-11-2023
1133,Clothing,98,S,Teal,Spring,06-10-2023
1134,Footwear,36,XL,Magenta,Winter,21-06-2023
1135,Clothing,81,M,Brown,Summer,13-12-2023
1136,Clothing,90,L,Peach,Winter,04-07-2023
1137,Accessories,83,S,Cyan,Summer,04-12-2023
1138,Clothing,91,XL,Pink,Winter,26-11-2023
1139,Clothing,36,M,Purple,Summer,08-02-2023
1140,Outerwear,53,L,Purple,Spring,01-03-2023
1141,Clothing,39,M,White,Winter,12-11-2023
1142,Accessories,33,S,Silver,Winter,21-02-2023
1143,Clothing,76,L,Green,Spring,08-05-2023
1144,Footwear,23,L,Teal,Winter,25-07-2023
1145,Clothing,54,S,Indigo,Fall,14-01-2023
1146,Footwear,89,L,Pink,Summer,06-05-2023
1147,Footwear,38,M,Indigo,Summer,07-11-2023
1148,Accessories,36,XL,Red,Winter,07-06-2023
1149,Clothing,66,M,Violet,Spring,05-08-2023
1150,Accessories,42,L,Cyan,Spring,06-03-2023
1151,Accessories,36,S,Red,Winter,12-04-2023
1152,Clothing,86,M,Gray,Spring,22-10-2023
1153,Accessories,49,M,Gold,Fall,21-02-2023
1154,Clothing,41,M,Pink,Summer,08-07-2023
1155,Clothing,82,L,Cyan,Spring,04-01-2023
1156,Clothing,53,S,Red,Fall,09-11-2023
1157,Footwear,21,M,Gold,Summer,11-09-2023
1158,Accessories,66,M,Charcoal,Fall,04-02-2023
1159,Accessories,89,L,Orange,Summer,26-08-2023
1160,Accessories,55,L,Blue,Fall,15-04-2023
1161,Accessories,42,S,Blue,Summer,19-02-2023
1162,Clothing,52,S,Orange,Fall,12-04-2023
1163,Footwear,92,M,Blue,Winter,05-05-2023
1164,Clothing,56,L,White,Summer,01-09-2023
1165,Clothing,96,M,Green,Winter,24-06-2023
1166,Clothing,64,M,Silver,Winter,19-04-2023
1167,Clothing,48,S,Lavender,Winter,26-12-2023
1168,Clothing,83,XL,Beige,Summer,31-10-2023
1169,Accessories,91,L,Violet,Summer,28-01-2023
1170,Accessories,94,S,Gray,Fall,13-01-2023
1171,Clothing,62,S,Red,Spring,15-01-2023
1172,Clothing,55,M,Lavender,Spring,21-10-2023
1173,Outerwear,68,L,Peach,Spring,05-06-2023
1174,Accessories,76,M,Indigo,Winter,01-01-2024
1175,Accessories,31,M,Black,Winter,23-12-2023
1176,Accessories,81,M,Beige,Spring,26-06-2023
1177,Clothing,83,M,Red,Winter,20-03-2023
1178,Clothing,21,M,Black,Spring,23-11-2023
1179,Clothing,22,M,Teal,Spring,01-01-2024
1180,Clothing,33,M,Blue,Summer,06-07-2023
1181,Clothing,23,S,Beige,Spring,21-11-2023
1182,Clothing,96,L,Teal,Summer,14-07-2023
1183,Accessories,21,M,Maroon,Spring,15-11-2023
1184,Clothing,39,M,Yellow,Spring,17-06-2023
1185,Accessories,73,S,Indigo,Fall,23-03-2023
1186,Clothing,64,M,Magenta,Spring,08-09-2023
1187,Clothing,68,M,Beige,Summer,28-02-2023
1188,Accessories,89,L,Maroon,Fall,10-10-2023
1189,Clothing,29,M,Magenta,Summer,16-06-2023
1190,Clothing,97,XL,Teal,Summer,25-07-2023
1191,Clothing,45,M,Orange,Winter,02-01-2023
1192,Clothing,70,L,Charcoal,Winter,05-03-2023
1193,Outerwear,56,M,Turquoise,Summer,20-03-2023
1194,Outerwear,55,L,Pink,Fall,14-05-2023
1195,Clothing,46,S,Teal,Winter,05-09-2023
1196,Accessories,95,M,White,Winter,09-04-2023
1197,Accessories,88,M,Maroon,Winter,27-02-2023
1198,Footwear,92,L,Violet,Fall,22-04-2023
1199,Clothing,49,M,Brown,Summer,27-05-2023
1200,Footwear,89,M,Indigo,Fall,27-03-2023
1201,Outerwear,22,XL,Black,Winter,26-12-2023
1202,Footwear,61,XL,Black,Summer,15-08-2023
1203,Accessories,29,S,Olive,Spring,09-02-2023
1204,Footwear,82,M,Orange,Winter,24-07-2023
1205,Accessories,94,M,Pink,Spring,05-08-2023
1206,Accessories,99,M,Olive,Spring,06-11-2023
1207,Accessories,59,S,Cyan,Fall,22-07-2023
1208,Footwear,90,M,White,Summer,07-03-2023
1209,Footwear,100,S,Red,Winter,17-09-2023
1210,Clothing,62,M,Blue,Winter,30-04-2023
1211,Accessories,78,M,Olive,Fall,15-01-2023
1212,Clothing,94,M,Green,Spring,27-02-2023
1213,Footwear,74,M,Yellow,Summer,04-06-2023
1214,Accessories,52,XL,Black,Spring,02-09-2023
1215,Outerwear,81,M,Blue,Fall,15-06-2023
1216,Clothing,20,L,Pink,Winter,02-08-2023
1217,Clothing,32,XL,Lavender,Summer,07-05-2023
1218,Footwear,63,XL,Cyan,Fall,03-03-2023
1219,Footwear,79,M,Cyan,Spring,27-03-2023
1220,Clothing,23,M,Gold,Winter,04-05-2023
1221,Accessories,64,M,Green,Winter,16-05-2023
1222,Clothing,69,M,Red,Winter,16-11-2023
1223,Clothing,69,L,Magenta,Fall,19-04-2023
1224,Clothing,24,L,Red,Winter,20-06-2023
1225,Clothing,50,M,Yellow,Summer,15-05-2023
1226,Accessories,97,S,Turquoise,Fall,22-10-2023
1227,Footwear,91,S,Cyan,Fall,16-01-2023
1228,Clothing,37,L,Yellow,Spring,08-04-2023
1229,Outerwear,55,S,Yellow,Winter,28-08-2023
1230,Accessories,52,XL,Maroon,Winter,20-02-2023
1231,Accessories,80,L,Brown,Spring,01-05-2023
1232,Clothing,79,M,Gold,Spring,12-03-2023
1233,Accessories,23,M,Charcoal,Summer,26-07-2023
1234,Clothing,73,L,Beige,Winter,06-03-2023
1235,Accessories,99,M,Indigo,Fall,21-02-2023
1236,Clothing,22,M,Red,Spring,23-04-2023
1237,Accessories,68,M,White,Summer,13-01-2023
1238,Clothing,92,S,Charcoal,Spring,27-06-2023
1239,Clothing,77,M,Violet,Winter,07-10-2023
1240,Outerwear,37,XL,Magenta,Spring,22-01-2023
1241,Accessories,79,L,White,Winter,04-10-2023
1242,Clothing,51,XL,Pink,Winter,24-11-2023
1243,Clothing,27,M,Lavender,Summer,26-09-2023
1244,Clothing,23,S,Pink,Spring,26-03-2023
1245,Clothing,76,S,Silver,Summer,12-07-2023
1246,Clothing,31,M,Violet,Fall,10-01-2023
1247,Clothing,60,M,Charcoal,Winter,28-04-2023
1248,Clothing,99,M,Charcoal,Spring,21-12-2023
1249,Accessories,37,XL,Red,Winter,18-04-2023
1250,Footwear,50,M,Peach,Winter,17-01-2023
1251,Clothing,26,XL,Purple,Winter,08-04-2023
1252,Clothing,86,XL,Orange,Spring,19-08-2023
1253,Footwear,41,L,Magenta,Fall,22-04-2023
1254,Footwear,23,XL,Red,Winter,16-06-2023
1255,Footwear,56,XL,Black,Spring,20-04-2023
1256,Accessories,68,M,Peach,Fall,24-08-2023
1257,Outerwear,48,S,Olive,Winter,05-07-2023
1258,Clothing,67,L,Gold,Spring,13-01-2023
1259,Footwear,87,XL,Gold,Spring,28-12-2023
1260,Clothing,64,M,Turquoise,Fall,14-07-2023
1261,Clothing,93,XL,Green,Spring,14-07-2023
1262,Clothing,29,L,Maroon,Summer,11-10-2023
1263,Footwear,62,L,Brown,Winter,15-11-2023
1264,Clothing,70,L,Brown,Winter,29-07-2023
1265,Clothing,92,S,Blue,Winter,09-05-2023
1266,Clothing,79,M,Lavender,Spring,12-08-2023
1267,Clothing,31,M,Peach,Fall,12-10-2023
1268,Clothing,83,S,Gray,Spring,07-10-2023
1269,Outerwear,88,XL,Charcoal,Winter,28-08-2023
1270,Accessories,53,M,Lavender,Spring,02-10-2023
1271,Clothing,98,M,Green,Fall,06-08-2023
1272,Accessories,57,S,Gray,Spring,25-05-2023
1273,Footwear,80,M,Orange,Winter,17-02-2023
1274,Clothing,29,L,Silver,Spring,16-05-2023
1275,Accessories,73,M,Olive,Spring,29-01-2023
1276,Clothing,32,S,Turquoise,Fall,07-11-2023
1277,Footwear,68,L,Turquoise,Spring,28-02-2023
1278,Clothing,97,L,Green,Spring,11-06-2023
1279,Clothing,98,M,Violet,Fall,25-02-2023
1280,Clothing,56,L,Charcoal,Fall,19-07-2023
1281,Clothing,78,L,White,Winter,05-02-2023
1282,Accessories,81,M,Olive,Spring,11-01-2023
1283,Clothing,68,L,Violet,Winter,14-11-2023
1284,Clothing,94,M,Violet,Winter,17-05-2023
1285,Clothing,93,M,Black,Spring,17-01-2023
1286,Accessories,99,M,Charcoal,Fall,08-02-2023
1287,Accessories,49,L,Yellow,Winter,16-07-2023
1288,Clothing,28,XL,Blue,Winter,15-07-2023
1289,Accessories,93,XL,Charcoal,Winter,27-12-2023
1290,Outerwear,24,M,Red,Fall,29-10-2023
1291,Clothing,35,M,Indigo,Spring,19-06-2023
1292,Footwear,68,S,Beige,Spring,05-02-2023
1293,Accessories,61,M,Maroon,Summer,09-12-2023
1294,Clothing,74,XL,Yellow,Fall,04-12-2023
1295,Clothing,64,M,Silver,Summer,26-05-2023
1296,Footwear,60,M,Olive,Fall,27-04-2023
1297,Clothing,29,S,Teal,Spring,04-05-2023
1298,Footwear,85,M,Silver,Summer,19-05-2023
1299,Clothing,81,S,Indigo,Summer,15-09-2023
1300,Accessories,23,L,Teal,Fall,16-05-2023
1301,Clothing,100,M,Charcoal,Spring,24-12-2023
1302,Clothing,54,M,Orange,Fall,10-08-2023
1303,Footwear,25,M,Gold,Fall,05-08-2023
1304,Clothing,32,L,Silver,Summer,13-04-2023
1305,Accessories,63,S,Orange,Spring,07-11-2023
1306,Clothing,56,XL,Peach,Spring,02-04-2023
1307,Clothing,33,L,Brown,Winter,15-12-2023
1308,Outerwear,32,L,Black,Summer,28-06-2023
1309,Clothing,38,L,Red,Summer,07-05-2023
1310,Clothing,21,L,Lavender,Summer,26-05-2023
1311,Clothing,59,L,Brown,Winter,19-11-2023
1312,Footwear,87,M,Maroon,Fall,24-07-2023
1313,Clothing,79,M,Violet,Winter,05-02-2023
1314,Footwear,28,M,Lavender,Summer,28-07-2023
1315,Footwear,67,S,Magenta,Summer,07-12-2023
1316,Clothing,75,L,Green,Spring,05-04-2023
1317,Accessories,32,S,Lavender,Spring,08-12-2023
1318,Clothing,43,M,Green,Spring,21-09-2023
1319,Clothing,93,M,Maroon,Spring,01-09-2023
1320,Accessories,24,M,Magenta,Spring,30-01-2023
1321,Accessories,31,XL,Teal,Fall,08-05-2023
1322,Clothing,84,L,Orange,Winter,03-01-2023
1323,Clothing,74,M,Violet,Winter,30-03-2023
1324,Clothing,62,M,Yellow,Spring,14-10-2023
1325,Accessories,77,S,Orange,Summer,26-12-2023
1326,Accessories,73,L,Gold,Summer,07-09-2023
1327,Footwear,50,M,Indigo,Spring,08-09-2023
1328,Outerwear,40,M,Turquoise,Winter,22-08-2023
1329,Clothing,97,M,Orange,Winter,26-10-2023
1330,Accessories,63,M,Indigo,Fall,19-02-2023
1331,Accessories,65,M,Charcoal,Fall,06-09-2023
1332,Clothing,91,M,Lavender,Spring,02-02-2023
1333,Clothing,60,S,Gold,Spring,15-10-2023
1334,Clothing,69,M,Lavender,Winter,17-06-2023
1335,Outerwear,52,S,White,Spring,14-11-2023
1336,Footwear,49,M,Lavender,Fall,06-06-2023
1337,Footwear,85,M,Charcoal,Spring,31-10-2023
1338,Clothing,86,L,Silver,Spring,14-11-2023
1339,Accessories,51,S,Yellow,Winter,07-01-2023
1340,Accessories,56,L,Olive,Winter,08-02-2023
1341,Accessories,72,M,Peach,Fall,22-12-2023
1342,Clothing,27,XL,Yellow,Fall,24-05-2023
1343,Accessories,43,XL,Yellow,Summer,29-10-2023
1344,Footwear,56,M,Indigo,Spring,18-12-2023
1345,Clothing,37,S,Violet,Fall,29-10-2023
1346,Clothing,21,M,White,Fall,31-05-2023
1347,Clothing,91,L,White,Winter,04-10-2023
1348,Clothing,95,M,Cyan,Summer,21-08-2023
1349,Accessories,54,XL,Purple,Spring,21-08-2023
1350,Clothing,36,XL,Black,Spring,01-02-2023
1351,Accessories,71,M,Orange,Fall,11-09-2023
1352,Outerwear,31,L,Maroon,Summer,08-08-2023
1353,Accessories,89,XL,Orange,Spring,23-05-2023
1354,Clothing,83,M,Teal,Winter,30-04-2023
1355,Accessories,42,M,Gray,Spring,27-07-2023
1356,Clothing,91,M,Blue,Summer,01-01-2023
1357,Outerwear,61,M,Cyan,Spring,19-06-2023
1358,Accessories,66,S,Red,Summer,16-10-2023
1359,Accessories,22,XL,Pink,Spring,11-02-2023
1360,Clothing,68,S,Cyan,Winter,25-03-2023
1361,Clothing,43,L,Black,Fall,05-12-2023
1362,Clothing,32,M,Beige,Fall,27-02-2023
1363,Outerwear,46,M,Gray,Fall,25-08-2023
1364,Clothing,90,L,Red,Summer,11-02-2023
1365,Accessories,75,L,Yellow,Fall,01-12-2023
1366,Accessories,69,M,Magenta,Winter,05-07-2023
1367,Accessories,40,M,Magenta,Fall,13-12-2023
1368,Accessories,63,S,Black,Fall,01-12-2023
1369,Clothing,36,L,Orange,Summer,24-03-2023
1370,Footwear,75,M,Green,Winter,28-05-2023
1371,Accessories,67,L,Peach,Summer,09-12-2023
1372,Clothing,64,M,Charcoal,Spring,23-03-2023
1373,Clothing,61,M,Gray,Fall,31-03-2023
1374,Accessories,40,L,Turquoise,Winter,05-11-2023
1375,Accessories,97,M,Red,Fall,04-08-2023
1376,Footwear,31,L,Brown,Spring,20-12-2023
1377,Footwear,65,L,Pink,Spring,12-08-2023
1378,Accessories,54,L,Olive,Spring,29-12-2023
1379,Outerwear,49,XL,Lavender,Fall,03-08-2023
1380,Clothing,64,L,Purple,Fall,07-05-2023
1381,Footwear,35,S,Beige,Winter,24-12-2023
1382,Footwear,86,L,Green,Winter,02-05-2023
1383,Outerwear,55,L,Brown,Winter,28-09-2023
1384,Accessories,58,M,Beige,Spring,02-11-2023
1385,Footwear,96,M,Beige,Fall,14-05-2023
1386,Accessories,64,M,Indigo,Fall,22-11-2023
1387,Outerwear,56,M,Silver,Fall,22-02-2023
1388,Clothing,85,M,Gold,Winter,01-04-2023
1389,Clothing,23,M,Lavender,Spring,28-04-2023
1390,Accessories,72,L,Orange,Fall,07-02-2023
1391,Accessories,38,M,Maroon,Summer,09-09-2023
1392,Clothing,29,S,White,Winter,30-01-2023
1393,Accessories,46,M,Yellow,Spring,22-02-2023
1394,Accessories,58,L,Yellow,Spring,19-04-2023
1395,Outerwear,43,L,Magenta,Fall,27-05-2023
1396,Accessories,32,L,Turquoise,Spring,24-02-2023
1397,Clothing,30,XL,Lavender,Winter,24-01-2023
1398,Accessories,67,S,Magenta,Summer,23-05-2023
1399,Clothing,45,M,Cyan,Summer,13-11-2023
1400,Accessories,81,M,Olive,Winter,22-08-2023
1401,Accessories,23,M,Red,Fall,19-08-2023
1402,Footwear,59,M,Blue,Fall,18-03-2023
1403,Accessories,21,L,White,Summer,08-12-2023
1404,Accessories,20,M,Peach,Spring,15-06-2023
1405,Accessories,28,M,Charcoal,Winter,14-07-2023
1406,Clothing,100,M,Peach,Winter,19-05-2023
1407,Clothing,46,L,Turquoise,Spring,06-05-2023
1408,Accessories,61,XL,Charcoal,Spring,23-04-2023
1409,Clothing,58,M,Yellow,Winter,08-12-2023
1410,Accessories,50,M,Blue,Spring,14-01-2023
1411,Accessories,93,M,Purple,Summer,31-10-2023
1412,Clothing,24,L,Green,Summer,02-05-2023
1413,Clothing,100,M,Charcoal,Summer,05-04-2023
1414,Clothing,79,S,Indigo,Fall,11-10-2023
1415,Clothing,51,M,Black,Summer,20-04-2023
1416,Accessories,90,M,Blue,Winter,18-12-2023
1417,Footwear,56,L,Silver,Summer,09-03-2023
1418,Clothing,25,S,Brown,Spring,02-12-2023
1419,Clothing,75,M,Violet,Summer,21-05-2023
1420,Accessories,75,M,Orange,Summer,07-02-2023
1421,Clothing,53,XL,Gray,Summer,30-11-2023
1422,Clothing,100,S,Gold,Spring,29-06-2023
1423,Clothing,27,L,Charcoal,Fall,17-05-2023
1424,Footwear,60,S,Black,Fall,17-03-2023
1425,Outerwear,23,S,Indigo,Fall,28-11-2023
1426,Outerwear,40,S,White,Winter,09-12-2023
1427,Clothing,38,M,Yellow,Summer,23-04-2023
1428,Accessories,90,S,Orange,Summer,25-03-2023
1429,Clothing,97,S,Green,Summer,24-11-2023
1430,Clothing,38,L,Gold,Fall,23-12-2023
1431,Footwear,30,S,Orange,Summer,20-12-2023
1432,Clothing,88,M,Cyan,Fall,01-10-2023
1433,Accessories,33,L,Black,Winter,17-01-2023
1434,Clothing,60,L,Yellow,Winter,12-12-2023
1435,Clothing,64,L,Maroon,Summer,25-09-2023
1436,Accessories,95,XL,Black,Fall,09-07-2023
1437,Footwear,83,M,Gray,Winter,19-06-2023
1438,Footwear,97,XL,Orange,Winter,17-07-2023
1439,Outerwear,38,M,Cyan,Spring,25-07-2023
1440,Footwear,48,M,Magenta,Summer,09-04-2023
1441,Footwear,76,M,Pink,Spring,04-04-2023
1442,Clothing,25,S,Turquoise,Summer,09-07-2023
1443,Clothing,92,S,Violet,Spring,18-08-2023
1444,Footwear,47,L,Teal,Fall,12-04-2023
1445,Clothing,36,L,Pink,Fall,23-05-2023
1446,Accessories,51,M,Gold,Fall,29-07-2023
1447,Clothing,35,XL,Red,Summer,17-06-2023
1448,Clothing,57,S,Beige,Summer,08-05-2023
1449,Footwear,95,M,Black,Summer,07-12-2023
1450,Clothing,41,L,Lavender,Winter,06-05-2023
1451,Clothing,44,S,Teal,Winter,23-12-2023
1452,Outerwear,34,M,Maroon,Fall,05-01-2023
1453,Outerwear,25,L,Blue,Spring,10-06-2023
1454,Footwear,93,S,Teal,Winter,23-10-2023
1455,Footwear,50,L,Maroon,Winter,05-10-2023
1456,Clothing,79,L,Silver,Fall,22-03-2023
1457,Outerwear,100,S,Olive,Spring,10-09-2023
1458,Clothing,57,S,Gray,Spring,07-08-2023
1459,Clothing,28,M,Peach,Spring,12-10-2023
1460,Footwear,35,L,Yellow,Winter,24-04-2023
1461,Footwear,85,L,Violet,Fall,01-11-2023
1462,Accessories,95,S,Red,Summer,01-08-2023
1463,Footwear,90,S,Charcoal,Summer,12-05-2023
1464,Accessories,49,M,Beige,Summer,01-06-2023
1465,Accessories,92,M,Peach,Winter,27-11-2023
1466,Accessories,72,XL,Violet,Winter,09-11-2023
1467,Clothing,71,M,Green,Summer,27-08-2023
1468,Accessories,27,XL,Olive,Winter,19-12-2023
1469,Accessories,39,S,Silver,Fall,08-04-2023
1470,Accessories,98,M,Purple,Winter,29-12-2023
1471,Footwear,27,M,Silver,Spring,30-01-2023
1472,Accessories,71,S,Gray,Spring,23-05-2023
1473,Accessories,24,L,Turquoise,Spring,28-09-2023
1474,Clothing,63,M,Violet,Fall,27-04-2023
1475,Clothing,72,S,Pink,Fall,24-04-2023
1476,Clothing,61,M,Teal,Spring,14-07-2023
1477,Accessories,56,M,Magenta,Fall,08-07-2023
1478,Accessories,32,XL,Silver,Summer,20-06-2023
1479,Accessories,23,M,Blue,Summer,23-05-2023
1480,Outerwear,100,L,Black,Spring,07-09-2023
1481,Accessories,74,M,Gold,Fall,15-08-2023
1482,Clothing,33,S,Gray,Spring,25-03-2023
1483,Accessories,67,S,Magenta,Spring,22-06-2023
1484,Accessories,61,S,Yellow,Summer,28-01-2023
1485,Clothing,46,M,Teal,Summer,24-06-2023
1486,Accessories,56,L,Red,Spring,27-11-2023
1487,Footwear,73,S,Yellow,Spring,03-07-2023
1488,Clothing,44,L,Black,Summer,23-06-2023
1489,Accessories,44,L,Pink,Winter,11-12-2023
1490,Accessories,26,XL,Magenta,Summer,07-03-2023
1491,Footwear,52,L,Olive,Spring,21-07-2023
1492,Clothing,54,S,Black,Summer,21-04-2023
1493,Outerwear,38,M,Maroon,Summer,25-10-2023
1494,Accessories,44,S,Gold,Fall,29-12-2023
1495,Clothing,76,M,Gray,Spring,31-08-2023
1496,Accessories,23,M,Brown,Winter,23-04-2023
1497,Clothing,98,M,Purple,Winter,29-06-2023
1498,Outerwear,33,S,Magenta,Spring,10-06-2023
1499,Clothing,32,M,Teal,Summer,20-12-2023
1500,Footwear,85,S,Olive,Fall,18-09-2023
1501,Clothing,69,L,Maroon,Summer,04-12-2023
1502,Clothing,55,XL,Silver,Spring,05-08-2023
1503,Clothing,66,M,Black,Summer,12-12-2023
1504,Outerwear,30,M,Maroon,Fall,11-10-2023
1505,Outerwear,80,M,Teal,Winter,03-06-2023
1506,Accessories,20,M,Teal,Summer,25-09-2023
1507,Clothing,30,L,Beige,Fall,05-05-2023
1508,Clothing,86,S,Maroon,Winter,04-02-2023
1509,Clothing,84,L,Beige,Spring,04-11-2023
1510,Clothing,54,XL,White,Summer,14-08-2023
1511,Clothing,30,XL,Gray,Fall,09-03-2023
1512,Clothing,91,M,Violet,Winter,05-03-2023
1513,Footwear,23,L,Silver,Winter,29-05-2023
1514,Clothing,35,M,Red,Spring,10-12-2023
1515,Footwear,90,L,Brown,Winter,20-05-2023
1516,Clothing,93,S,Turquoise,Fall,07-10-2023
1517,Clothing,68,L,Indigo,Winter,06-08-2023
1518,Accessories,41,M,Violet,Spring,29-04-2023
1519,Accessories,73,M,Yellow,Winter,02-10-2023
1520,Accessories,73,L,Cyan,Fall,17-09-2023
1521,Accessories,66,M,Brown,Summer,28-07-2023
1522,Accessories,59,M,White,Summer,22-05-2023
1523,Clothing,72,L,Yellow,Spring,10-10-2023
1524,Clothing,88,M,White,Summer,12-03-2023
1525,Clothing,76,L,Pink,Summer,24-03-2023
1526,Accessories,31,M,Indigo,Winter,21-08-2023
1527,Outerwear,22,L,White,Summer,05-11-2023
1528,Accessories,75,L,Red,Fall,06-02-2023
1529,Clothing,75,S,Red,Spring,15-07-2023
1530,Accessories,63,M,Lavender,Winter,17-09-2023
1531,Outerwear,21,M,Teal,Spring,15-08-2023
1532,Accessories,83,S,Violet,Spring,22-03-2023
1533,Outerwear,46,S,Silver,Winter,13-07-2023
1534,Footwear,59,M,Gold,Summer,23-04-2023
1535,Clothing,66,M,Green,Summer,21-03-2023
1536,Footwear,74,S,Turquoise,Fall,22-01-2023
1537,Accessories,82,M,Indigo,Summer,10-12-2023
1538,Footwear,89,L,Black,Spring,18-06-2023
1539,Clothing,65,L,Charcoal,Fall,19-05-2023
1540,Accessories,55,M,Turquoise,Spring,19-06-2023
1541,Clothing,95,M,Red,Winter,05-08-2023
1542,Accessories,77,S,Indigo,Winter,02-12-2023
1543,Clothing,44,M,Maroon,Winter,27-07-2023
1544,Clothing,89,M,Indigo,Fall,16-05-2023
1545,Accessories,24,M,Maroon,Spring,25-10-2023
1546,Accessories,43,M,Black,Winter,16-05-2023
1547,Footwear,51,XL,Purple,Summer,13-08-2023
1548,Accessories,46,L,Teal,Summer,27-08-2023
1549,Clothing,32,M,Silver,Summer,03-09-2023
1550,Footwear,55,M,Black,Spring,27-07-2023
1551,Accessories,26,S,Black,Summer,17-10-2023
1552,Accessories,29,M,Olive,Summer,05-02-2023
1553,Clothing,49,L,Purple,Spring,21-08-2023
1554,Clothing,45,M,Indigo,Spring,22-02-2023
1555,Clothing,48,S,Lavender,Winter,16-02-2023
1556,Clothing,47,S,Cyan,Winter,14-07-2023
1557,Clothing,57,M,Gold,Fall,29-08-2023
1558,Accessories,34,L,Magenta,Fall,23-04-2023
1559,Accessories,75,XL,Teal,Fall,03-05-2023
1560,Accessories,94,L,Beige,Fall,27-11-2023
1561,Accessories,84,M,Teal,Winter,17-02-2023
1562,Accessories,38,M,Indigo,Summer,23-05-2023
1563,Accessories,75,M,Purple,Winter,14-02-2023
1564,Clothing,44,M,Teal,Fall,31-07-2023
1565,Accessories,33,XL,Turquoise,Summer,26-04-2023
1566,Accessories,93,L,Peach,Fall,18-12-2023
1567,Footwear,99,S,Green,Winter,04-12-2023
1568,Accessories,33,M,Turquoise,Spring,16-10-2023
1569,Footwear,76,L,Yellow,Spring,11-04-2023
1570,Clothing,63,M,Orange,Summer,18-11-2023
1571,Clothing,41,L,Brown,Winter,13-05-2023
1572,Accessories,88,L,Silver,Winter,15-11-2023
1573,Clothing,92,L,White,Summer,20-04-2023
1574,Clothing,31,L,Indigo,Summer,09-04-2023
1575,Clothing,25,S,Magenta,Spring,20-01-2023
1576,Clothing,28,M,Turquoise,Spring,06-03-2023
1577,Clothing,75,M,White,Spring,24-02-2023
1578,Footwear,34,S,Olive,Spring,14-10-2023
1579,Clothing,97,S,Maroon,Winter,05-02-2023
1580,Outerwear,80,M,Violet,Summer,04-01-2023
1581,Footwear,71,L,Cyan,Summer,31-12-2023
1582,Accessories,77,L,Teal,Fall,07-01-2023
1583,Accessories,41,L,Red,Spring,03-05-2023
1584,Accessories,92,XL,Yellow,Summer,23-03-2023
1585,Clothing,95,S,Silver,Spring,01-11-2023
1586,Clothing,25,M,Charcoal,Fall,26-10-2023
1587,Footwear,77,M,Purple,Fall,18-11-2023
1588,Clothing,99,M,Beige,Summer,08-08-2023
1589,Accessories,24,L,Cyan,Winter,20-12-2023
1590,Footwear,72,M,Silver,Summer,14-07-2023
1591,Clothing,80,S,Pink,Winter,09-07-2023
1592,Clothing,100,L,Gold,Winter,23-05-2023
1593,Footwear,83,M,Cyan,Summer,02-03-2023
1594,Clothing,95,M,Black,Spring,01-11-2023
1595,Accessories,41,XL,Charcoal,Summer,11-10-2023
1596,Accessories,35,S,Magenta,Spring,13-02-2023
1597,Accessories,30,S,Pink,Fall,23-01-2023
1598,Accessories,21,XL,Maroon,Winter,17-02-2023
1599,Accessories,85,M,Teal,Fall,10-03-2023
1600,Clothing,54,M,Orange,Winter,07-05-2023
1601,Footwear,26,S,Yellow,Spring,04-08-2023
1602,Clothing,59,XL,Red,Spring,11-02-2023
1603,Accessories,48,S,Charcoal,Winter,15-08-2023
1604,Clothing,98,L,Black,Summer,30-09-2023
1605,Clothing,92,M,White,Summer,03-08-2023
1606,Accessories,46,M,Lavender,Winter,01-04-2023
1607,Clothing,21,S,White,Spring,17-07-2023
1608,Clothing,72,S,Gray,Fall,07-05-2023
1609,Footwear,58,XL,Cyan,Fall,21-09-2023
1610,Clothing,93,S,Brown,Fall,25-02-2023
1611,Clothing,31,L,Purple,Spring,23-12-2023
1612,Clothing,26,L,Yellow,Winter,08-06-2023
1613,Clothing,68,M,Indigo,Summer,31-01-2023
1614,Accessories,31,S,Black,Summer,16-10-2023
1615,Clothing,41,S,Gray,Summer,03-10-2023
1616,Accessories,62,M,Indigo,Fall,03-10-2023
1617,Accessories,41,M,Green,Spring,10-12-2023
1618,Clothing,64,M,Peach,Winter,02-10-2023
1619,Footwear,72,L,Purple,Summer,01-07-2023
1620,Accessories,78,L,Beige,Winter,26-08-2023
1621,Accessories,47,M,Charcoal,Winter,17-09-2023
1622,Accessories,46,L,Gray,Summer,18-10-2023
1623,Clothing,43,S,Brown,Winter,26-06-2023
1624,Accessories,58,M,Cyan,Summer,25-04-2023
1625,Clothing,32,M,White,Winter,06-02-2023
1626,Clothing,45,L,Beige,Winter,30-05-2023
1627,Footwear,35,L,Orange,Summer,24-08-2023
1628,Accessories,21,M,Olive,Winter,03-08-2023
1629,Clothing,64,S,Teal,Winter,01-11-2023
1630,Clothing,88,S,Silver,Spring,21-04-2023
1631,Footwear,48,M,Gold,Summer,23-05-2023
1632,Clothing,36,L,Violet,Summer,23-08-2023
1633,Accessories,28,S,White,Summer,14-07-2023
1634,Clothing,80,M,Peach,Spring,04-09-2023
1635,Outerwear,23,S,Orange,Summer,20-03-2023
1636,Accessories,24,L,Violet,Summer,18-05-2023
1637,Footwear,22,L,Green,Fall,14-01-2023
1638,Clothing,21,M,Peach,Spring,19-10-2023
1639,Outerwear,51,M,Black,Spring,09-06-2023
1640,Accessories,65,L,Blue,Summer,13-10-2023
1641,Accessories,51,S,Magenta,Spring,21-05-2023
1642,Clothing,32,L,Violet,Summer,10-04-2023
1643,Outerwear,70,M,Beige,Spring,29-06-2023
1644,Accessories,77,L,Pink,Summer,19-06-2023
1645,Outerwear,90,S,Beige,Summer,03-12-2023
1646,Accessories,36,L,Green,Summer,07-11-2023
1647,Accessories,77,S,Silver,Summer,01-09-2023
1648,Footwear,78,M,Purple,Summer,14-01-2023
1649,Clothing,69,M,Gray,Summer,06-01-2023
1650,Clothing,63,M,White,Summer,06-11-2023
1651,Accessories,36,M,Silver,Winter,30-10-2023
1652,Outerwear,80,M,Blue,Winter,04-10-2023
1653,Clothing,35,M,Orange,Summer,23-08-2023
1654,Accessories,93,L,Silver,Winter,21-01-2023
1655,Accessories,25,L,Gray,Spring,03-03-2023
1656,Clothing,81,L,Gold,Spring,08-04-2023
1657,Clothing,42,L,Brown,Spring,23-01-2023
1658,Clothing,36,L,Turquoise,Spring,31-01-2023
1659,Accessories,66,S,Pink,Spring,24-06-2023
1660,Accessories,37,M,Black,Fall,06-05-2023
1661,Clothing,45,L,Yellow,Winter,05-07-2023
1662,Accessories,86,S,Beige,Summer,05-02-2023
1663,Accessories,24,M,Olive,Winter,02-11-2023
1664,Clothing,22,XL,Gold,Summer,17-12-2023
1665,Accessories,53,M,Purple,Spring,26-04-2023
1666,Outerwear,41,L,Pink,Fall,08-04-2023
1667,Clothing,64,M,Blue,Summer,01-05-2023
1668,Accessories,40,L,Brown,Winter,15-04-2023
1669,Clothing,33,L,Charcoal,Summer,23-01-2023
1670,Clothing,59,L,Maroon,Winter,06-04-2023
1671,Clothing,73,L,Cyan,Fall,27-01-2023
1672,Clothing,22,M,Olive,Winter,08-03-2023
1673,Footwear,73,L,Gold,Fall,28-02-2023
1674,Clothing,62,M,Violet,Fall,10-05-2023
1675,Outerwear,56,M,Peach,Winter,05-07-2023
1676,Clothing,90,M,Beige,Spring,11-06-2023
1677,Accessories,44,M,Cyan,Winter,12-08-2023
1678,Clothing,35,L,Silver,Summer,29-08-2023
1679,Clothing,71,S,Magenta,Summer,13-09-2023
1680,Clothing,52,S,Black,Fall,01-04-2023
1681,Footwear,37,M,Olive,Summer,06-09-2023
1682,Footwear,95,L,Green,Winter,01-05-2023
1683,Clothing,97,M,Yellow,Fall,12-10-2023
1684,Outerwear,57,S,Lavender,Spring,03-06-2023
1685,Clothing,93,M,Indigo,Spring,07-06-2023
1686,Clothing,48,M,Pink,Winter,13-03-2023
1687,Accessories,75,L,Red,Fall,08-01-2023
1688,Clothing,70,S,Magenta,Winter,05-12-2023
1689,Accessories,26,S,Peach,Winter,21-11-2023
1690,Clothing,73,L,Turquoise,Winter,20-04-2023
1691,Outerwear,30,M,Black,Summer,23-10-2023
1692,Footwear,61,L,Blue,Summer,04-05-2023
1693,Accessories,75,M,Beige,Winter,11-07-2023
1694,Outerwear,88,XL,Olive,Fall,20-03-2023
1695,Clothing,67,M,Turquoise,Summer,28-12-2023
1696,Accessories,95,S,Yellow,Fall,11-01-2023
1697,Accessories,69,S,Turquoise,Spring,12-04-2023
1698,Clothing,87,L,Lavender,Fall,27-05-2023
1699,Accessories,41,XL,Turquoise,Winter,30-06-2023
1700,Clothing,67,L,Teal,Spring,10-02-2023
1701,Clothing,70,L,Black,Fall,22-09-2023
1702,Accessories,41,XL,Blue,Winter,24-07-2023
1703,Clothing,83,XL,Yellow,Summer,18-04-2023
1704,Accessories,22,M,Black,Spring,03-02-2023
1705,Footwear,20,M,Lavender,Summer,01-01-2023
1706,Accessories,29,L,Cyan,Summer,29-04-2023
1707,Accessories,87,M,Brown,Spring,22-11-2023
1708,Clothing,81,L,Maroon,Fall,17-11-2023
1709,Footwear,58,L,Cyan,Spring,11-07-2023
1710,Clothing,83,M,Pink,Winter,19-07-2023
1711,Clothing,59,XL,Orange,Fall,05-02-2023
1712,Clothing,93,M,Lavender,Spring,12-11-2023
1713,Clothing,87,S,Beige,Fall,24-10-2023
1714,Outerwear,22,M,Pink,Winter,24-10-2023
1715,Clothing,71,S,Charcoal,Summer,03-11-2023
1716,Clothing,69,XL,Gray,Spring,20-05-2023
1717,Clothing,47,M,Cyan,Winter,13-08-2023
1718,Clothing,50,L,Orange,Summer,08-01-2023
1719,Clothing,96,L,Pink,Winter,24-02-2023
1720,Clothing,39,M,White,Winter,26-07-2023
1721,Clothing,84,S,Beige,Winter,06-01-2023
1722,Accessories,28,S,Magenta,Spring,19-07-2023
1723,Clothing,51,L,Violet,Summer,02-11-2023
1724,Accessories,20,XL,Gold,Spring,13-02-2023
1725,Footwear,72,S,Teal,Winter,05-08-2023
1726,Accessories,33,M,Indigo,Spring,04-06-2023
1727,Outerwear,28,S,Olive,Summer,22-05-2023
1728,Clothing,53,S,Violet,Spring,18-08-2023
1729,Clothing,48,L,Black,Fall,16-05-2023
1730,Clothing,21,M,Brown,Winter,22-02-2023
1731,Clothing,22,S,Silver,Fall,07-11-2023
1732,Accessories,87,M,Gray,Fall,25-05-2023
1733,Accessories,50,S,Charcoal,Winter,17-11-2023
1734,Clothing,85,L,Black,Summer,15-05-2023
1735,Clothing,98,L,Brown,Spring,03-02-2023
1736,Clothing,34,M,Purple,Winter,05-05-2023
1737,Clothing,61,M,Purple,Summer,28-07-2023
1738,Accessories,98,L,Gray,Summer,19-04-2023
1739,Accessories,61,M,Green,Spring,09-12-2023
1740,Accessories,98,L,Silver,Winter,16-05-2023
1741,Clothing,21,L,Charcoal,Fall,27-08-2023
1742,Clothing,51,XL,Teal,Winter,26-02-2023
1743,Footwear,80,XL,White,Spring,07-03-2023
1744,Clothing,72,XL,Brown,Winter,29-11-2023
1745,Accessories,63,L,Teal,Winter,12-04-2023
1746,Clothing,27,L,Red,Winter,11-12-2023
1747,Accessories,44,L,Brown,Summer,07-11-2023
1748,Outerwear,23,M,Yellow,Winter,09-12-2023
1749,Clothing,93,L,Teal,Winter,18-08-2023
1750,Clothing,70,L,Pink,Fall,04-04-2023
1751,Accessories,85,M,White,Fall,23-11-2023
1752,Clothing,40,M,Silver,Winter,17-05-2023
1753,Footwear,29,L,Blue,Winter,26-01-2023
1754,Clothing,27,L,Black,Fall,14-12-2023
1755,Clothing,93,S,Beige,Fall,14-09-2023
1756,Accessories,20,XL,Charcoal,Spring,19-07-2023
1757,Accessories,55,S,Cyan,Fall,08-06-2023
1758,Clothing,94,L,Yellow,Fall,31-01-2023
1759,Accessories,56,M,Silver,Winter,04-10-2023
1760,Clothing,58,L,Green,Spring,16-05-2023
1761,Clothing,44,XL,Peach,Spring,16-04-2023
1762,Clothing,95,S,Green,Fall,13-04-2023
1763,Footwear,42,M,Brown,Summer,06-12-2023
1764,Accessories,93,M,Lavender,Winter,20-03-2023
1765,Clothing,56,M,Charcoal,Summer,19-09-2023
1766,Clothing,88,M,Orange,Spring,31-05-2023
1767,Clothing,54,S,Cyan,Winter,05-06-2023
1768,Accessories,89,L,Lavender,Fall,25-06-2023
1769,Footwear,45,M,Indigo,Summer,02-09-2023
1770,Clothing,75,L,Brown,Winter,02-05-2023
1771,Accessories,22,M,Pink,Fall,23-04-2023
1772,Clothing,82,XL,Turquoise,Fall,23-11-2023
1773,Footwear,34,M,Gold,Summer,18-04-2023
1774,Outerwear,92,M,Blue,Summer,26-12-2023
1775,Clothing,78,M,Lavender,Spring,09-08-2023
1776,Outerwear,47,M,Violet,Spring,09-10-2023
1777,Outerwear,64,L,Cyan,Summer,26-06-2023
1778,Footwear,44,L,Purple,Winter,18-04-2023
1779,Accessories,94,M,Red,Winter,27-01-2023
1780,Accessories,62,M,Charcoal,Winter,04-10-2023
1781,Accessories,81,S,Gray,Summer,09-04-2023
1782,Clothing,33,M,Pink,Fall,17-12-2023
1783,Clothing,88,M,Lavender,Fall,21-06-2023
1784,Accessories,49,L,Lavender,Winter,17-02-2023
1785,Accessories,31,L,Yellow,Summer,26-11-2023
1786,Accessories,29,S,Peach,Fall,20-04-2023
1787,Outerwear,34,M,Brown,Spring,23-05-2023
1788,Clothing,38,L,Gold,Fall,19-01-2023
1789,Clothing,41,L,Pink,Summer,28-11-2023
1790,Clothing,34,L,Peach,Spring,04-04-2023
1791,Accessories,26,S,Violet,Summer,25-11-2023
1792,Clothing,98,S,Purple,Winter,29-08-2023
1793,Footwear,59,M,Peach,Fall,31-05-2023
1794,Accessories,92,S,White,Fall,21-03-2023
1795,Accessories,40,L,Indigo,Spring,04-08-2023
1796,Clothing,20,S,Violet,Fall,13-02-2023
1797,Clothing,35,S,Brown,Spring,31-08-2023
1798,Accessories,35,L,Maroon,Spring,02-11-2023
1799,Clothing,82,L,Magenta,Winter,16-09-2023
1800,Clothing,48,M,Charcoal,Fall,02-04-2023
1801,Outerwear,58,XL,Indigo,Winter,16-01-2023
1802,Clothing,57,M,Turquoise,Spring,13-10-2023
1803,Clothing,96,L,Turquoise,Winter,18-03-2023
1804,Footwear,97,S,Gray,Summer,07-03-2023
1805,Clothing,42,L,Peach,Winter,11-03-2023
1806,Clothing,62,L,Gold,Spring,29-09-2023
1807,Accessories,67,M,Green,Fall,30-11-2023
1808,Footwear,46,L,Gold,Summer,02-01-2023
1809,Outerwear,71,M,Lavender,Spring,26-01-2023
1810,Accessories,99,S,Blue,Fall,04-06-2023
1811,Clothing,28,M,Magenta,Fall,25-02-2023
1812,Accessories,77,L,Blue,Summer,24-06-2023
1813,Footwear,63,S,Blue,Summer,15-08-2023
1814,Clothing,62,M,Olive,Spring,18-12-2023
1815,Clothing,92,M,White,Summer,13-11-2023
1816,Footwear,72,L,White,Winter,22-03-2023
1817,Accessories,79,M,Purple,Summer,08-02-2023
1818,Clothing,27,M,White,Summer,26-12-2023
1819,Accessories,39,M,White,Fall,30-07-2023
1820,Clothing,86,S,Peach,Spring,01-07-2023
1821,Clothing,94,XL,Gold,Fall,05-12-2023
1822,Clothing,53,M,Teal,Spring,11-02-2023
1823,Clothing,85,S,Cyan,Summer,25-01-2023
1824,Clothing,50,L,Pink,Fall,19-03-2023
1825,Clothing,47,XL,Magenta,Winter,02-01-2023
1826,Footwear,75,M,Pink,Winter,03-07-2023
1827,Clothing,60,M,Turquoise,Winter,21-08-2023
1828,Clothing,36,S,Pink,Spring,03-10-2023
1829,Outerwear,80,L,Gray,Spring,11-01-2023
1830,Accessories,96,M,White,Spring,09-08-2023
1831,Accessories,80,M,Blue,Winter,30-05-2023
1832,Clothing,71,M,Cyan,Summer,09-06-2023
1833,Accessories,29,M,Blue,Fall,01-02-2023
1834,Accessories,53,M,Yellow,Spring,23-10-2023
1835,Clothing,35,M,Charcoal,Summer,18-09-2023
1836,Accessories,75,M,Lavender,Fall,04-06-2023
1837,Clothing,52,M,Teal,Fall,31-08-2023
1838,Accessories,77,M,Beige,Winter,25-11-2023
1839,Accessories,24,L,Blue,Fall,22-06-2023
1840,Clothing,78,XL,Purple,Winter,14-08-2023
1841,Footwear,98,M,Gold,Winter,09-06-2023
1842,Clothing,57,L,Blue,Winter,02-01-2023
1843,Accessories,78,M,Black,Summer,19-10-2023
1844,Outerwear,76,M,Charcoal,Fall,13-12-2023
1845,Clothing,26,M,Purple,Spring,14-07-2023
1846,Footwear,78,M,Orange,Winter,29-09-2023
1847,Accessories,53,M,Yellow,Summer,24-06-2023
1848,Footwear,100,XL,Cyan,Summer,06-12-2023
1849,Clothing,73,XL,Yellow,Winter,15-08-2023
1850,Clothing,40,M,Maroon,Winter,05-08-2023
1851,Accessories,76,S,Black,Winter,01-03-2023
1852,Clothing,80,S,Lavender,Fall,10-04-2023
1853,Clothing,80,XL,Violet,Winter,13-06-2023
1854,Clothing,67,XL,Olive,Spring,09-08-2023
1855,Clothing,61,M,Teal,Spring,26-08-2023
1856,Clothing,76,XL,Teal,Spring,26-01-2023
1857,Accessories,55,XL,Beige,Summer,20-05-2023
1858,Clothing,85,L,Maroon,Summer,06-05-2023
1859,Accessories,69,S,Peach,Spring,04-10-2023
1860,Accessories,26,L,Beige,Summer,16-09-2023
1861,Clothing,64,M,Silver,Summer,01-07-2023
1862,Footwear,60,S,Peach,Fall,10-06-2023
1863,Accessories,36,M,Turquoise,Winter,02-06-2023
1864,Footwear,21,L,Orange,Spring,06-09-2023
1865,Accessories,72,S,Cyan,Fall,06-12-2023
1866,Clothing,62,S,Silver,Summer,21-01-2023
1867,Clothing,44,XL,Gold,Winter,23-12-2023
1868,Clothing,52,M,Brown,Fall,08-09-2023
1869,Accessories,58,M,Silver,Spring,09-04-2023
1870,Clothing,77,S,Beige,Spring,19-08-2023
1871,Clothing,99,L,Violet,Spring,20-10-2023
1872,Clothing,96,XL,Violet,Fall,04-03-2023
1873,Clothing,64,M,Lavender,Summer,17-02-2023
1874,Clothing,44,XL,Red,Fall,12-02-2023
1875,Clothing,33,L,Purple,Fall,23-07-2023
1876,Footwear,71,M,Brown,Winter,11-10-2023
1877,Clothing,36,M,Gray,Fall,18-10-2023
1878,Accessories,62,L,Pink,Fall,16-12-2023
1879,Clothing,29,L,Magenta,Summer,08-10-2023
1880,Clothing,33,L,Charcoal,Spring,09-08-2023
1881,Clothing,33,L,Yellow,Fall,25-05-2023
1882,Clothing,41,M,Red,Winter,22-10-2023
1883,Accessories,54,L,Blue,Winter,10-11-2023
1884,Accessories,58,M,Cyan,Spring,06-02-2023
1885,Clothing,30,S,Pink,Summer,20-08-2023
1886,Accessories,53,S,Maroon,Winter,22-07-2023
1887,Accessories,91,L,Beige,Spring,16-12-2023
1888,Clothing,44,XL,Gold,Fall,06-12-2023
1889,Clothing,89,XL,Turquoise,Winter,05-08-2023
1890,Clothing,57,L,Peach,Spring,05-12-2023
1891,Accessories,57,M,Lavender,Spring,29-11-2023
1892,Accessories,74,M,Gray,Summer,08-11-2023
1893,Outerwear,30,M,Blue,Fall,10-10-2023
1894,Clothing,20,L,Red,Summer,28-03-2023
1895,Clothing,90,M,Purple,Fall,23-12-2023
1896,Clothing,61,L,Indigo,Fall,07-10-2023
1897,Footwear,51,M,Gold,Fall,28-12-2023
1898,Accessories,97,L,Teal,Winter,25-04-2023
1899,Clothing,97,L,Magenta,Fall,18-09-2023
1900,Clothing,40,L,Maroon,Winter,01-01-2023
1901,Accessories,85,S,Blue,Summer,01-07-2023
1902,Clothing,76,S,Beige,Winter,01-03-2023
1903,Footwear,22,S,Olive,Spring,16-05-2023
1904,Clothing,63,M,Gold,Summer,11-08-2023
1905,Clothing,71,S,Silver,Spring,22-02-2023
1906,Footwear,35,M,Teal,Summer,03-03-2023
1907,Accessories,30,M,Green,Spring,25-09-2023
1908,Clothing,74,L,Orange,Fall,19-04-2023
1909,Accessories,71,XL,Charcoal,Winter,11-10-2023
1910,Clothing,84,S,Black,Spring,19-12-2023
1911,Footwear,38,S,Yellow,Fall,14-05-2023
1912,Accessories,81,M,Gray,Spring,10-10-2023
1913,Clothing,56,S,Charcoal,Winter,24-07-2023
1914,Clothing,48,M,Peach,Winter,19-10-2023
1915,Clothing,97,L,Green,Fall,19-12-2023
1916,Accessories,74,M,Magenta,Fall,09-10-2023
1917,Clothing,50,S,Beige,Winter,08-05-2023
1918,Clothing,71,L,Black,Winter,17-03-2023
1919,Clothing,33,S,Purple,Summer,18-11-2023
1920,Accessories,56,M,Olive,Summer,13-03-2023
1921,Clothing,84,M,Purple,Spring,09-05-2023
1922,Clothing,36,M,Green,Fall,14-07-2023
1923,Accessories,63,S,Peach,Summer,21-11-2023
1924,Footwear,36,XL,Blue,Summer,09-10-2023
1925,Outerwear,63,M,Gray,Fall,02-06-2023
1926,Footwear,32,L,Black,Winter,26-01-2023
1927,Accessories,93,M,Silver,Spring,09-01-2023
1928,Clothing,29,M,Pink,Summer,09-09-2023
1929,Accessories,92,S,Lavender,Summer,09-12-2023
1930,Clothing,33,L,Brown,Fall,24-10-2023
1931,Clothing,52,L,Turquoise,Spring,28-09-2023
1932,Accessories,42,S,Olive,Spring,08-05-2023
1933,Clothing,36,M,White,Spring,10-03-2023
1934,Footwear,67,L,Violet,Summer,11-08-2023
1935,Outerwear,43,L,Gold,Winter,03-10-2023
1936,Clothing,68,XL,Violet,Spring,25-12-2023
1937,Accessories,60,S,Teal,Summer,01-06-2023
1938,Clothing,53,M,Olive,Summer,30-01-2023
1939,Clothing,23,L,Blue,Spring,15-12-2023
1940,Accessories,57,L,Magenta,Winter,01-10-2023
1941,Accessories,89,L,Gray,Fall,23-08-2023
1942,Footwear,99,XL,Peach,Winter,24-02-2023
1943,Clothing,28,M,Cyan,Fall,28-08-2023
1944,Clothing,53,L,Violet,Summer,01-02-2023
1945,Clothing,45,M,Gold,Winter,27-12-2023
1946,Clothing,38,M,Gold,Winter,27-02-2023
1947,Clothing,49,M,White,Summer,29-12-2023
1948,Clothing,32,M,Gray,Summer,27-10-2023
1949,Clothing,37,L,Brown,Winter,26-03-2023
1950,Clothing,80,L,Gray,Winter,28-01-2023
1951,Accessories,78,L,Blue,Summer,02-04-2023
1952,Accessories,53,L,Gold,Summer,03-05-2023
1953,Footwear,82,L,Yellow,Summer,09-09-2023
1954,Clothing,33,XL,Green,Spring,11-10-2023
1955,Accessories,77,M,Pink,Winter,09-11-2023
1956,Clothing,56,M,Pink,Winter,06-07-2023
1957,Clothing,37,M,Pink,Winter,18-05-2023
1958,Accessories,54,M,Cyan,Spring,01-09-2023
1959,Clothing,67,M,Gray,Winter,25-08-2023
1960,Footwear,90,M,White,Fall,30-09-2023
1961,Clothing,72,L,Red,Summer,05-09-2023
1962,Footwear,59,L,Black,Summer,27-10-2023
1963,Accessories,45,M,Silver,Fall,06-12-2023
1964,Clothing,30,L,Pink,Spring,13-01-2023
1965,Clothing,51,S,Cyan,Summer,22-03-2023
1966,Clothing,90,M,White,Fall,13-03-2023
1967,Outerwear,95,XL,Purple,Winter,02-02-2023
1968,Clothing,81,L,Yellow,Fall,10-06-2023
1969,Clothing,70,S,Blue,Spring,25-08-2023
1970,Clothing,32,S,Cyan,Winter,27-01-2023
1971,Accessories,94,M,Indigo,Spring,12-06-2023
1972,Accessories,29,XL,Indigo,Spring,17-11-2023
1973,Accessories,31,M,Silver,Summer,23-03-2023
1974,Clothing,20,XL,Red,Fall,06-06-2023
1975,Accessories,44,M,Peach,Winter,25-02-2023
1976,Outerwear,77,L,Turquoise,Fall,22-11-2023
1977,Accessories,51,M,Pink,Spring,30-06-2023
1978,Footwear,49,M,Teal,Summer,09-04-2023
1979,Accessories,78,L,Magenta,Spring,08-08-2023
1980,Clothing,98,L,Blue,Spring,14-12-2023
1981,Footwear,94,M,Green,Winter,07-08-2023
1982,Footwear,91,L,Violet,Summer,08-05-2023
1983,Accessories,77,M,Turquoise,Summer,20-02-2023
1984,Accessories,97,M,Pink,Summer,19-10-2023
1985,Clothing,58,M,Black,Summer,03-10-2023
1986,Accessories,97,M,Gold,Spring,02-12-2023
1987,Outerwear,48,L,Green,Summer,16-07-2023
1988,Accessories,23,XL,White,Summer,15-10-2023
1989,Clothing,79,M,Gold,Winter,22-06-2023
1990,Accessories,42,S,Charcoal,Spring,08-08-2023
1991,Accessories,95,L,White,Spring,09-03-2023
1992,Footwear,29,M,Brown,Summer,26-03-2023
1993,Clothing,98,L,Gold,Winter,27-08-2023
1994,Clothing,96,S,Purple,Spring,06-03-2023
1995,Accessories,66,M,Brown,Fall,11-06-2023
1996,Footwear,80,S,Teal,Spring,13-05-2023
1997,Footwear,27,L,Indigo,Summer,05-05-2023
1998,Accessories,25,M,Purple,Fall,17-10-2023
1999,Clothing,45,M,Orange,Fall,07-09-2023
2000,Clothing,89,L,Indigo,Winter,04-08-2023
